id,type,V,theta,Pg,Qg,Pd,Qd,Bs
101,1,1.035,0.0,10.0,0.0,108.0,22.0,0.0
102,1,1.035,0.0,0.0,0.0,97.0,20.0,0.0
103,2,1.0,0.0,0.0,0.0,180.0,37.0,0.0
104,2,1.0,0.0,0.0,0.0,74.0,15.0,0.0
105,2,1.0,0.0,0.0,0.0,71.0,14.0,0.0
106,2,1.0,0.0,0.0,0.0,136.0,28.0,1.0
107,1,1.025,0.0,0.0,0.0,125.0,25.0,0.0
108,2,1.0,0.0,0.0,0.0,171.0,35.0,0.0
109,2,1.0,0.0,0.0,0.0,175.0,36.0,0.0
110,2,1.0,0.0,0.0,0.0,195.0,40.0,0.0
111,2,1.0,0.0,0.0,0.0,0.0,0.0,0.0
112,2,1.0,0.0,0.0,0.0,0.0,0.0,0.0
113,0,1.02,0.0,0.0,0.0,265.0,54.0,0.0
114,1,0.98,0.0,0.0,0.0,194.0,39.0,0.0
115,1,1.014,0.0,0.0,0.0,317.0,64.0,0.0
116,1,1.017,0.0,0.0,0.0,100.0,20.0,0.0
117,2,1.0,0.0,0.0,0.0,0.0,0.0,0.0
118,1,1.05,0.0,0.0,0.0,333.0,68.0,0.0
119,2,1.0,0.0,0.0,0.0,181.0,37.0,0.0
120,2,1.0,0.0,0.0,0.0,128.0,26.0,0.0
121,1,1.05,0.0,0.0,0.0,0.0,0.0,0.0
122,1,1.05,0.0,0.0,0.0,0.0,0.0,0.0
123,2,1.05,0.0,0.0,0.0,0.0,0.0,0.0
124,2,1.0,0.0,0.0,0.0,0.0,0.0,0.0
201,1,1.035,0.0,0.0,0.0,108.0,22.0,0.0
202,1,1.035,0.0,0.0,0.0,97.0,20.0,0.0
203,2,1.0,0.0,0.0,0.0,180.0,37.0,0.0
204,2,1.0,0.0,0.0,0.0,74.0,15.0,0.0
205,2,1.0,0.0,0.0,0.0,71.0,14.0,0.0
206,2,1.0,0.0,0.0,0.0,136.0,28.0,1.0
207,1,1.025,0.0,0.0,0.0,125.0,25.0,0.0
208,2,1.0,0.0,0.0,0.0,171.0,35.0,0.0
209,2,1.0,0.0,0.0,0.0,175.0,36.0,0.0
210,2,1.0,0.0,0.0,0.0,195.0,40.0,0.0
211,2,1.0,0.0,0.0,0.0,0.0,0.0,0.0
212,2,1.0,0.0,0.0,0.0,0.0,0.0,0.0
213,0,1.02,0.0,0.0,0.0,265.0,54.0,0.0
214,1,0.98,0.0,0.0,0.0,194.0,39.0,0.0
215,1,1.014,0.0,0.0,0.0,317.0,64.0,0.0
216,1,1.017,0.0,0.0,0.0,100.0,20.0,0.0
217,2,1.0,0.0,0.0,0.0,0.0,0.0,0.0
218,1,1.05,0.0,0.0,0.0,333.0,68.0,0.0
219,2,1.0,0.0,0.0,0.0,181.0,37.0,0.0
220,2,1.0,0.0,0.0,0.0,128.0,26.0,0.0
221,1,1.05,0.0,0.0,0.0,0.0,0.0,0.0
222,1,1.05,0.0,0.0,0.0,0.0,0.0,0.0
223,1,1.05,0.0,0.0,0.0,0.0,0.0,0.0
224,2,1.0,0.0,0.0,0.0,0.0,0.0,0.0
301,2,1.0,0.0,0.0,0.0,0.0,0.0,0.0
302,0,1.025,0.0,0.0,0.0,0.0,0.0,0.0
