type,fr,to,zmeas,prec
0,101,-1,0.6400000,1.0000000
0,102,-1,0.7500000,1.0000000
0,103,-1,-1.8000000,1.0000000
0,104,-1,-0.7400000,1.0000000
0,105,-1,-0.7100000,1.0000000
0,106,-1,-1.3600000,1.0000000
0,107,-1,0.9236401,1.0000000
0,108,-1,-1.7100000,1.0000000
0,109,-1,-1.7500000,1.0000000
0,110,-1,-1.9500000,1.0000000
0,111,-1,0.0000000,1.0000000
0,112,-1,0.0000000,1.0000000
0,113,-1,0.0492437,1.0000000
0,114,-1,-1.9400000,1.0000000
0,115,-1,-1.0200000,1.0000000
0,116,-1,0.5500000,1.0000000
0,117,-1,0.0000000,1.0000000
0,118,-1,0.6700000,1.0000000
0,119,-1,-1.8100000,1.0000000
0,120,-1,-1.2800000,1.0000000
0,121,-1,4.0000000,1.0000000
0,122,-1,3.0000000,1.0000000
0,123,-1,5.9830000,1.0000000
0,124,-1,0.0000000,1.0000000
0,201,-1,-0.1200000,1.0000000
0,202,-1,0.7500000,1.0000000
0,203,-1,-1.8000000,1.0000000
0,204,-1,0.0130000,1.0000000
0,205,-1,-0.7100000,1.0000000
0,206,-1,-1.3600000,1.0000000
0,207,-1,1.1500000,1.0000000
0,208,-1,-1.7100000,1.0000000
0,209,-1,-1.7500000,1.0000000
0,210,-1,-1.9500000,1.0000000
0,211,-1,0.0000000,1.0000000
0,212,-1,0.0000000,1.0000000
0,213,-1,-0.0623979,1.0000000
0,214,-1,-1.9400000,1.0000000
0,215,-1,-2.2540000,1.0000000
0,216,-1,0.5500000,1.0000000
0,217,-1,0.5000000,1.0000000
0,218,-1,0.6700000,1.0000000
0,219,-1,-1.8100000,1.0000000
0,220,-1,-1.2800000,1.0000000
0,221,-1,4.0000000,1.0000000
0,222,-1,3.0000000,1.0000000
0,223,-1,6.6000000,1.0000000
0,224,-1,0.0000000,1.0000000
0,301,-1,-1.4190000,1.0000000
0,302,-1,1.4190000,1.0000000
1,101,-1,-0.1418718,1.0000000
1,102,-1,-0.4400364,1.0000000
1,103,-1,-0.3700000,1.0000000
1,104,-1,-0.1500000,1.0000000
1,105,-1,-0.1400000,1.0000000
1,106,-1,-0.2800000,1.0000000
1,107,-1,0.2047334,1.0000000
1,108,-1,-0.3500000,1.0000000
1,109,-1,-0.3600000,1.0000000
1,110,-1,-0.4000000,1.0000000
1,111,-1,0.0000000,1.0000000
1,112,-1,0.0000000,1.0000000
1,113,-1,0.4127585,1.0000000
1,114,-1,-0.6101849,1.0000000
1,115,-1,-0.7439092,1.0000000
1,116,-1,0.0967665,1.0000000
1,117,-1,0.0000000,1.0000000
1,118,-1,0.7118866,1.0000000
1,119,-1,-0.3700000,1.0000000
1,120,-1,-0.2600000,1.0000000
1,121,-1,1.1185156,1.0000000
1,122,-1,-0.3043666,1.0000000
1,123,-1,1.3195953,1.0000000
1,124,-1,0.0000000,1.0000000
1,201,-1,0.0180771,1.0000000
1,202,-1,-0.4304608,1.0000000
1,203,-1,-0.3700000,1.0000000
1,204,-1,-0.3584803,1.0000000
1,205,-1,-0.1400000,1.0000000
1,206,-1,-0.2800000,1.0000000
1,207,-1,0.1602294,1.0000000
1,208,-1,-0.3500000,1.0000000
1,209,-1,-0.3600000,1.0000000
1,210,-1,-0.4000000,1.0000000
1,211,-1,0.0000000,1.0000000
1,212,-1,0.0000000,1.0000000
1,213,-1,0.4356829,1.0000000
1,214,-1,-0.6514161,1.0000000
1,215,-1,-0.6165171,1.0000000
1,216,-1,-0.0332048,1.0000000
1,217,-1,0.2000000,1.0000000
1,218,-1,0.5473003,1.0000000
1,219,-1,-0.3700000,1.0000000
1,220,-1,-0.2600000,1.0000000
1,221,-1,1.1544779,1.0000000
1,222,-1,-0.3274537,1.0000000
1,223,-1,1.2809431,1.0000000
1,224,-1,0.0000000,1.0000000
1,301,-1,1.3000000,1.0000000
1,302,-1,-1.2964836,1.0000000
2,101,102,0.1382394,1.0000000
2,101,103,-0.0989879,1.0000000
2,101,105,0.6007486,1.0000000
2,102,104,0.3985871,1.0000000
2,102,106,0.4895963,1.0000000
2,103,109,0.2947894,1.0000000
2,103,124,-2.1980854,1.0000000
2,104,109,-0.3474099,1.0000000
2,105,110,-0.1168481,1.0000000
2,106,110,-0.8878447,1.0000000
2,107,108,0.9236401,1.0000000
2,108,109,-0.4631692,1.0000000
2,108,110,-0.3368780,1.0000000
2,109,111,-1.0120185,1.0000000
2,109,112,-1.2713080,1.0000000
2,110,111,-1.5181915,1.0000000
2,110,112,-1.7987464,1.0000000
2,111,113,-1.2832653,1.0000000
2,111,114,-1.2542269,1.0000000
2,112,113,-0.8292733,1.0000000
2,112,123,-2.2508873,1.0000000
2,113,123,-2.0779025,1.0000000
2,114,116,-3.2037996,1.0000000
2,115,116,1.0518649,1.0000000
2,115,121,-4.3161528,1.0000000
2,115,124,2.2442879,1.0000000
2,116,117,-3.2125078,1.0000000
2,116,119,1.5548090,1.0000000
2,117,118,-1.8555727,1.0000000
2,117,122,-1.3871897,1.0000000
2,118,121,-1.1926159,1.0000000
2,119,120,-0.2627554,1.0000000
2,120,123,-1.5442714,1.0000000
2,121,122,-1.5667542,1.0000000
2,201,202,-0.4065637,1.0000000
2,201,203,-0.1637351,1.0000000
2,201,205,0.4502987,1.0000000
2,202,204,-0.0699946,1.0000000
2,202,206,0.4129462,1.0000000
2,203,209,0.1197629,1.0000000
2,203,224,-2.0891229,1.0000000
2,204,209,-0.0600073,1.0000000
2,205,210,-0.2639609,1.0000000
2,206,210,-0.9609362,1.0000000
2,207,208,1.1500000,1.0000000
2,208,209,-0.3894880,1.0000000
2,208,210,-0.1910882,1.0000000
2,209,211,-0.8899236,1.0000000
2,209,212,-1.1983040,1.0000000
2,210,211,-1.5291308,1.0000000
2,210,212,-1.8627791,1.0000000
2,211,213,-1.3166338,1.0000000
2,211,214,-1.1092877,1.0000000
2,212,213,-0.7718094,1.0000000
2,212,223,-2.2994746,1.0000000
2,213,223,-2.1653852,1.0000000
2,214,216,-3.0570440,1.0000000
2,215,216,0.2832585,1.0000000
2,215,221,-4.6679535,1.0000000
2,215,224,2.1306951,1.0000000
2,216,217,-3.3525608,1.0000000
2,216,219,1.0798464,1.0000000
2,217,218,-1.5443395,1.0000000
2,217,222,-1.3412656,1.0000000
2,218,221,-0.8791805,1.0000000
2,219,220,-0.7339847,1.0000000
2,220,223,-2.0163770,1.0000000
2,221,222,-1.6131104,1.0000000
2,301,302,-1.4190000,1.0000000
3,101,102,-0.2764035,1.0000000
3,101,103,0.2416985,1.0000000
3,101,105,-0.1071668,1.0000000
3,102,104,0.1709928,1.0000000
3,102,106,-0.3938592,1.0000000
3,103,109,-0.2486715,1.0000000
3,103,124,0.1620450,1.0000000
3,104,109,0.0331242,1.0000000
3,105,110,-0.2519671,1.0000000
3,106,110,-0.6706254,1.0000000
3,107,108,0.2047334,1.0000000
3,108,109,0.0818799,1.0000000
3,108,110,-0.2619126,1.0000000
3,109,111,-0.1681722,1.0000000
3,109,112,-0.2877995,1.0000000
3,110,111,0.6563574,1.0000000
3,110,112,0.5395135,1.0000000
3,111,113,-0.3458786,1.0000000
3,111,114,0.5282136,1.0000000
3,112,113,-0.1597003,1.0000000
3,112,123,-0.0130473,1.0000000
3,113,123,-0.0050971,1.0000000
3,114,116,-0.0764561,1.0000000
3,115,116,-0.3114696,1.0000000
3,115,121,-0.8616205,1.0000000
3,115,124,0.4291809,1.0000000
3,116,117,-0.3607991,1.0000000
3,116,119,-0.4618160,1.0000000
3,117,118,-0.6096910,1.0000000
3,117,122,0.0447666,1.0000000
3,118,121,0.0855971,1.0000000
3,119,120,-0.8388333,1.0000000
3,120,123,-0.9346335,1.0000000
3,121,122,0.2086984,1.0000000
3,201,202,-0.1586136,1.0000000
3,201,203,0.2571246,1.0000000
3,201,205,-0.0804339,1.0000000
3,202,204,0.2865787,1.0000000
3,202,206,-0.3840805,1.0000000
3,203,209,-0.2020355,1.0000000
3,203,224,0.1258332,1.0000000
3,204,209,-0.0482851,1.0000000
3,205,210,-0.2123308,1.0000000
3,206,210,-0.6471416,1.0000000
3,207,208,0.1602294,1.0000000
3,208,209,0.0562337,1.0000000
3,208,210,-0.3070351,1.0000000
3,209,211,-0.1858395,1.0000000
3,209,212,-0.2957771,1.0000000
3,210,211,0.6567857,1.0000000
3,210,212,0.5559995,1.0000000
3,211,213,-0.3309050,1.0000000
3,211,214,0.5134315,1.0000000
3,212,213,-0.1710721,1.0000000
3,212,223,0.0028544,1.0000000
3,213,223,0.0219700,1.0000000
3,214,216,-0.1171736,1.0000000
3,215,216,-0.2299906,1.0000000
3,215,221,-0.7817058,1.0000000
3,215,224,0.3951793,1.0000000
3,216,217,-0.4192934,1.0000000
3,216,219,-0.4187272,1.0000000
3,217,218,-0.5006929,1.0000000
3,217,222,0.0532216,1.0000000
3,218,221,0.0454915,1.0000000
3,219,220,-0.7671174,1.0000000
3,220,223,-0.8699255,1.0000000
3,221,222,0.2196605,1.0000000
3,301,302,1.3000000,1.0000000
2,102,101,-0.1381834,1.0000000
2,103,101,0.1032960,1.0000000
2,105,101,-0.5931519,1.0000000
2,104,102,-0.3925901,1.0000000
2,106,102,-0.4721553,1.0000000
2,109,103,-0.2902796,1.0000000
2,124,103,2.2083941,1.0000000
2,109,104,0.3507286,1.0000000
2,110,105,0.1183140,1.0000000
2,110,106,0.9043888,1.0000000
2,108,107,-0.9099528,1.0000000
2,109,108,0.4728775,1.0000000
2,110,108,0.3442351,1.0000000
2,111,109,1.0142287,1.0000000
2,112,109,1.2748760,1.0000000
2,111,110,1.5232634,1.0000000
2,112,110,1.8052846,1.0000000
2,113,111,1.2937514,1.0000000
2,114,111,1.2637996,1.0000000
2,113,112,0.8333947,1.0000000
2,123,112,2.3106830,1.0000000
2,123,113,2.1236375,1.0000000
2,116,114,3.2572446,1.0000000
2,116,115,-1.0495458,1.0000000
2,121,115,4.3721741,1.0000000
2,124,115,-2.2083941,1.0000000
2,117,116,3.2427624,1.0000000
2,119,116,-1.5472446,1.0000000
2,118,117,1.8626159,1.0000000
2,122,117,1.4125350,1.0000000
2,121,118,1.1945801,1.0000000
2,120,119,0.2642714,1.0000000
2,123,120,1.5486795,1.0000000
2,122,121,1.5874650,1.0000000
2,202,201,0.4070484,1.0000000
2,203,201,0.1693599,1.0000000
2,205,201,-0.4460391,1.0000000
2,204,202,0.0730073,1.0000000
2,206,202,-0.3990638,1.0000000
2,209,203,-0.1181976,1.0000000
2,224,203,2.0984014,1.0000000
2,209,204,0.0601363,1.0000000
2,210,205,0.2662239,1.0000000
2,210,206,0.9795368,1.0000000
2,208,207,-1.1294238,1.0000000
2,209,208,0.3962890,1.0000000
2,210,208,0.1961491,1.0000000
2,211,209,0.8916592,1.0000000
2,212,209,1.2015031,1.0000000
2,211,210,1.5342623,1.0000000
2,212,210,1.8697810,1.0000000
2,213,211,1.3275825,1.0000000
2,214,211,1.1170440,1.0000000
2,213,212,0.7754047,1.0000000
2,223,212,2.3619244,1.0000000
2,223,213,2.2151040,1.0000000
2,216,214,3.1057299,1.0000000
2,216,215,-0.2830154,1.0000000
2,221,215,4.7328629,1.0000000
2,224,215,-2.0984014,1.0000000
2,217,216,3.3856050,1.0000000
2,219,216,-1.0760153,1.0000000
2,218,217,1.5491805,1.0000000
2,222,217,1.3649232,1.0000000
2,221,218,0.8802475,1.0000000
2,220,219,0.7363770,1.0000000
2,223,220,2.0229716,1.0000000
2,222,221,1.6350768,1.0000000
2,302,301,1.4190000,1.0000000
3,102,101,-0.2171701,1.0000000
3,103,101,-0.2833735,1.0000000
3,105,101,0.1119671,1.0000000
3,104,102,-0.1831242,1.0000000
3,106,102,0.4023909,1.0000000
3,109,103,0.2342823,1.0000000
3,124,103,0.2709214,1.0000000
3,109,104,-0.0484860,1.0000000
3,110,105,0.2317317,1.0000000
3,110,106,-2.0702761,1.0000000
3,108,107,-0.1699673,1.0000000
3,109,108,-0.0898246,1.0000000
3,110,108,0.2426734,1.0000000
3,111,109,0.2610008,1.0000000
3,112,109,0.4376580,1.0000000
3,111,110,-0.4433358,1.0000000
3,112,110,-0.2649105,1.0000000
3,113,111,0.3281245,1.0000000
3,114,111,-0.5337288,1.0000000
3,113,112,0.0897310,1.0000000
3,123,112,0.2811244,1.0000000
3,123,113,0.1718157,1.0000000
3,116,114,0.6253243,1.0000000
3,116,115,0.2940573,1.0000000
3,121,115,1.0996658,1.0000000
3,124,115,-0.2709214,1.0000000
3,117,116,0.5649244,1.0000000
3,119,116,0.4688333,1.0000000
3,118,117,0.6262896,1.0000000
3,122,117,-0.0955949,1.0000000
3,121,118,-0.1898486,1.0000000
3,120,119,0.6746335,1.0000000
3,123,120,0.8666552,1.0000000
3,122,121,-0.2087718,1.0000000
3,202,201,-0.3329590,1.0000000
3,203,201,-0.2937977,1.0000000
3,205,201,0.0723308,1.0000000
3,204,202,-0.3101952,1.0000000
3,206,202,0.3789181,1.0000000
3,209,203,0.1763141,1.0000000
3,224,203,0.2638660,1.0000000
3,209,204,0.0206359,1.0000000
3,210,205,0.1952643,1.0000000
3,210,206,-2.0870212,1.0000000
3,208,207,-0.0991986,1.0000000
3,209,208,-0.0753333,1.0000000
3,210,208,0.2789717,1.0000000
3,211,209,0.2587335,1.0000000
3,212,209,0.4301364,1.0000000
3,211,210,-0.4412600,1.0000000
3,212,210,-0.2619187,1.0000000
3,213,211,0.3168082,1.0000000
3,214,211,-0.5342425,1.0000000
3,213,212,0.0969047,1.0000000
3,223,212,0.2866965,1.0000000
3,223,213,0.1762570,1.0000000
3,216,214,0.6098839,1.0000000
3,216,215,0.1949319,1.0000000
3,221,215,1.0923368,1.0000000
3,224,215,-0.2638660,1.0000000
3,217,216,0.6474713,1.0000000
3,219,216,0.3971174,1.0000000
3,218,217,0.5018088,1.0000000
3,222,217,-0.1172070,1.0000000
3,221,218,-0.1575194,1.0000000
3,220,219,0.6099255,1.0000000
3,223,220,0.8179896,1.0000000
3,222,221,-0.2102466,1.0000000
3,302,301,-1.2964836,1.0000000
4,101,-1,1.0350000,1.0000000
4,102,-1,1.0350000,1.0000000
4,103,-1,0.9853717,1.0000000
4,104,-1,0.9999947,1.0000000
4,105,-1,1.0312992,1.0000000
4,106,-1,1.0846857,1.0000000
4,107,-1,1.0250000,1.0000000
4,108,-1,0.9992015,1.0000000
4,109,-1,1.0051701,1.0000000
4,110,-1,1.0542142,1.0000000
4,111,-1,0.9962282,1.0000000
4,112,-1,1.0091573,1.0000000
4,113,-1,1.0200000,1.0000000
4,114,-1,0.9800000,1.0000000
4,115,-1,1.0140000,1.0000000
4,116,-1,1.0170000,1.0000000
4,117,-1,1.0381497,1.0000000
4,118,-1,1.0500000,1.0000000
4,119,-1,1.0229343,1.0000000
4,120,-1,1.0382842,1.0000000
4,121,-1,1.0500000,1.0000000
4,122,-1,1.0500000,1.0000000
4,123,-1,1.0500000,1.0000000
4,124,-1,0.9800152,1.0000000
4,201,-1,1.0350000,1.0000000
4,202,-1,1.0350000,1.0000000
4,203,-1,0.9862597,1.0000000
4,204,-1,1.0000000,1.0000000
4,205,-1,1.0317383,1.0000000
4,206,-1,1.0851965,1.0000000
4,207,-1,1.0250000,1.0000000
4,208,-1,0.9991506,1.0000000
4,209,-1,1.0051999,1.0000000
4,210,-1,1.0545457,1.0000000
4,211,-1,0.9966602,1.0000000
4,212,-1,1.0090592,1.0000000
4,213,-1,1.0200000,1.0000000
4,214,-1,0.9800000,1.0000000
4,215,-1,1.0140000,1.0000000
4,216,-1,1.0170000,1.0000000
4,217,-1,1.0403238,1.0000000
4,218,-1,1.0500000,1.0000000
4,219,-1,1.0230312,1.0000000
4,220,-1,1.0382011,1.0000000
4,221,-1,1.0500000,1.0000000
4,222,-1,1.0500000,1.0000000
4,223,-1,1.0500000,1.0000000
4,224,-1,0.9819065,1.0000000
4,301,-1,1.0262658,1.0000000
4,302,-1,1.0250000,1.0000000
5,101,-1,-0.1385468,1.0000000
5,102,-1,-0.1404360,1.0000000
5,103,-1,-0.1033788,1.0000000
5,104,-1,-0.1833256,1.0000000
5,105,-1,-0.1883618,1.0000000
5,106,-1,-0.2406373,1.0000000
5,107,-1,-0.1750545,1.0000000
5,108,-1,-0.2267514,1.0000000
5,109,-1,-0.1461062,1.0000000
5,110,-1,-0.1837443,1.0000000
5,111,-1,-0.0589024,1.0000000
5,112,-1,-0.0380456,1.0000000
5,113,-1,0.0000000,1.0000000
5,114,-1,-0.0019867,1.0000000
5,115,-1,0.2065464,1.0000000
5,116,-1,0.1886372,1.0000000
5,117,-1,0.2668836,1.0000000
5,118,-1,0.2896284,1.0000000
5,119,-1,0.1529965,1.0000000
5,120,-1,0.1561744,1.0000000
5,121,-1,0.3038905,1.0000000
5,122,-1,0.4030297,1.0000000
5,123,-1,0.1705387,1.0000000
5,124,-1,0.0922772,1.0000000
5,201,-1,-0.1662472,1.0000000
5,202,-1,-0.1606864,1.0000000
5,203,-1,-0.1168833,1.0000000
5,204,-1,-0.1423787,1.0000000
5,205,-1,-0.2035025,1.0000000
5,206,-1,-0.2472430,1.0000000
5,207,-1,-0.1385967,1.0000000
5,208,-1,-0.2044989,1.0000000
5,209,-1,-0.1370911,1.0000000
5,210,-1,-0.1861873,1.0000000
5,211,-1,-0.0605440,1.0000000
5,212,-1,-0.0353012,1.0000000
5,213,-1,0.0000000,1.0000000
5,214,-1,-0.0099701,1.0000000
5,215,-1,0.1766854,1.0000000
5,216,-1,0.1716057,1.0000000
5,217,-1,0.2529746,1.0000000
5,218,-1,0.2718818,1.0000000
5,219,-1,0.1465973,1.0000000
5,220,-1,0.1588177,1.0000000
5,221,-1,0.2823931,1.0000000
5,222,-1,0.3844960,1.0000000
5,223,-1,0.1780367,1.0000000
5,224,-1,0.0683662,1.0000000
5,301,-1,-0.0013490,1.0000000
5,302,-1,0.0000000,1.0000000
8,101,102,0.1691663,1.0000000
8,101,103,-0.1269748,1.0000000
8,101,105,0.5891712,1.0000000
8,102,104,0.3581916,1.0000000
8,102,106,0.5216489,1.0000000
8,103,109,0.3236111,1.0000000
8,103,124,-2.2357779,1.0000000
8,104,109,-0.3476287,1.0000000
8,105,110,-0.0655489,1.0000000
8,106,110,-0.6475959,1.0000000
8,107,108,0.8525536,1.0000000
8,108,109,-0.4700960,1.0000000
8,108,110,-0.2695883,1.0000000
8,109,111,-0.9717283,1.0000000
8,109,112,-1.2096092,1.0000000
8,110,111,-1.5296316,1.0000000
8,110,112,-1.7710279,1.0000000
8,111,113,-1.2654515,1.0000000
8,111,114,-1.2880048,1.0000000
8,112,113,-0.8151344,1.0000000
8,112,123,-2.2283564,1.0000000
8,113,123,-2.0371593,1.0000000
8,114,116,-3.2690218,1.0000000
8,115,116,0.9522988,1.0000000
8,115,121,-4.3403501,1.0000000
8,115,124,2.2530596,1.0000000
8,116,117,-3.1692992,1.0000000
8,116,119,1.4165465,1.0000000
8,117,118,-1.8789896,1.0000000
8,117,122,-1.2775360,1.0000000
8,118,121,-1.0652355,1.0000000
8,119,120,-0.3788363,1.0000000
8,120,123,-1.6092416,1.0000000
8,121,122,-1.3643000,1.0000000
8,201,202,-0.3620391,1.0000000
8,201,203,-0.1971278,1.0000000
8,201,205,0.4419331,1.0000000
8,202,204,-0.1110573,1.0000000
8,202,206,0.4532153,1.0000000
8,203,209,0.1444920,1.0000000
8,203,224,-2.1186539,1.0000000
8,204,209,-0.0525486,1.0000000
8,205,210,-0.2089694,1.0000000
8,206,210,-0.7126256,1.0000000
8,207,208,1.0895963,1.0000000
8,208,209,-0.3931258,1.0000000
8,208,210,-0.1248609,1.0000000
8,209,211,-0.8517479,1.0000000
8,209,212,-1.1407081,1.0000000
8,210,211,-1.5402679,1.0000000
8,210,212,-1.8334985,1.0000000
8,211,213,-1.2985362,1.0000000
8,211,214,-1.1421360,1.0000000
8,212,213,-0.7584200,1.0000000
8,212,223,-2.2775102,1.0000000
8,213,223,-2.1229266,1.0000000
8,214,216,-3.1180856,1.0000000
8,215,216,0.2351319,1.0000000
8,215,221,-4.6673372,1.0000000
8,215,224,2.1370646,1.0000000
8,216,217,-3.3185038,1.0000000
8,216,219,0.9758914,1.0000000
8,217,218,-1.5576904,1.0000000
8,217,222,-1.2354379,1.0000000
8,218,221,-0.7949232,1.0000000
8,219,220,-0.8192975,1.0000000
8,220,223,-2.0502582,1.0000000
8,221,222,-1.4171503,1.0000000
8,301,302,-1.3843902,1.0000000
9,101,102,0.2460517,1.0000000
9,101,103,-0.2180791,1.0000000
9,101,105,0.0223905,1.0000000
9,102,104,-0.2174894,1.0000000
9,102,106,0.3105802,1.0000000
9,103,109,0.2201435,1.0000000
9,103,124,0.0666256,1.0000000
9,104,109,0.0307640,1.0000000
9,105,110,0.2612144,1.0000000
9,106,110,0.7955252,1.0000000
9,107,108,-0.3536267,1.0000000
9,108,109,0.0243621,1.0000000
9,108,110,0.3312072,1.0000000
9,109,111,0.3121035,1.0000000
9,109,112,0.4674024,1.0000000
9,110,111,-0.3489961,1.0000000
9,110,112,-0.1914021,1.0000000
9,111,113,0.4224157,1.0000000
9,111,114,-0.4551802,1.0000000
9,112,113,0.1893930,1.0000000
9,112,123,0.0977583,1.0000000
9,113,123,0.0049971,1.0000000
9,114,116,0.0845113,1.0000000
9,115,116,0.5133795,1.0000000
9,115,121,-0.0412761,1.0000000
9,115,124,0.0396470,1.0000000
9,116,117,-0.2438665,1.0000000
9,116,119,0.7327259,1.0000000
9,117,118,0.0951138,1.0000000
9,117,122,-0.3939901,1.0000000
9,118,121,-0.4025128,1.0000000
9,119,120,0.7713015,1.0000000
9,120,123,0.6578759,1.0000000
9,121,122,-0.6361551,1.0000000
9,201,202,0.2161409,1.0000000
9,201,203,-0.2188254,1.0000000
9,201,205,0.0046458,1.0000000
9,202,204,-0.2625005,1.0000000
9,202,206,0.3024763,1.0000000
9,203,209,0.1892915,1.0000000
9,203,224,0.1203064,1.0000000
9,204,209,0.0563114,1.0000000
9,205,210,0.2532580,1.0000000
9,206,210,0.7949105,1.0000000
9,207,208,-0.3098238,1.0000000
9,208,209,0.0240543,1.0000000
9,208,210,0.3397314,1.0000000
9,209,211,0.3041333,1.0000000
9,209,212,0.4544020,1.0000000
9,210,211,-0.3436284,1.0000000
9,210,212,-0.1911390,1.0000000
9,211,213,0.4113380,1.0000000
9,211,214,-0.4468636,1.0000000
9,212,213,0.1964261,1.0000000
9,212,223,0.0776018,1.0000000
9,213,223,-0.0215392,1.0000000
9,214,216,0.1506596,1.0000000
9,215,216,0.2723843,1.0000000
9,215,221,-0.0502357,1.0000000
9,215,224,-0.0143194,1.0000000
9,216,217,-0.1567004,1.0000000
9,216,219,0.5869976,1.0000000
9,217,218,0.0944244,1.0000000
9,217,222,-0.3722171,1.0000000
9,218,221,-0.2665901,1.0000000
9,219,220,0.6370031,1.0000000
9,220,223,0.5202130,1.0000000
9,221,222,-0.6290104,1.0000000
9,301,302,-1.2648620,1.0000000
8,102,101,-0.1028258,1.0000000
8,103,101,0.1339465,1.0000000
8,105,101,-0.5853066,1.0000000
8,104,102,-0.3526297,1.0000000
8,106,102,-0.5111611,1.0000000
8,109,103,-0.3196427,1.0000000
8,124,103,2.2693146,1.0000000
8,109,104,0.3522296,1.0000000
8,110,105,0.0701776,1.0000000
8,110,106,1.2022502,1.0000000
8,108,107,-0.8491268,1.0000000
8,109,108,0.4784429,1.0000000
8,110,108,0.2789765,1.0000000
8,111,109,1.0008802,1.0000000
8,112,109,1.2458974,1.0000000
8,111,110,1.5525761,1.0000000
8,112,110,1.7975933,1.0000000
8,113,111,1.2683838,1.0000000
8,114,111,1.2906709,1.0000000
8,113,112,0.8170536,1.0000000
8,123,112,2.2141653,1.0000000
8,123,113,2.0209432,1.0000000
8,116,114,3.2612826,1.0000000
8,116,115,-0.9594747,1.0000000
8,121,115,4.2865688,1.0000000
8,124,115,-2.2693146,1.0000000
8,117,116,3.1565256,1.0000000
8,119,116,-1.4250383,1.0000000
8,118,117,1.8703847,1.0000000
8,122,117,1.2017766,1.0000000
8,121,118,1.0314616,1.0000000
8,120,119,0.3524929,1.0000000
8,123,120,1.5936157,1.0000000
8,122,121,1.3127530,1.0000000
8,202,201,0.4396877,1.0000000
8,203,201,0.2052870,1.0000000
8,205,201,-0.4375655,1.0000000
8,204,202,0.1162847,1.0000000
8,206,202,-0.4420047,1.0000000
8,209,203,-0.1404538,1.0000000
8,224,203,2.1504337,1.0000000
8,209,204,0.0564584,1.0000000
8,210,205,0.2138141,1.0000000
8,210,206,1.2791701,1.0000000
8,208,207,-1.0866680,1.0000000
8,209,208,0.4007821,1.0000000
8,210,208,0.1338185,1.0000000
8,211,209,0.8773003,1.0000000
8,212,209,1.1749294,1.0000000
8,211,210,1.5633719,1.0000000
8,212,210,1.8610009,1.0000000
8,213,211,1.3015515,1.0000000
8,214,211,1.1452193,1.0000000
8,213,212,0.7602007,1.0000000
8,223,212,2.2622508,1.0000000
8,223,213,2.1060049,1.0000000
8,216,214,3.1113658,1.0000000
8,216,215,-0.2414660,1.0000000
8,221,215,4.6188432,1.0000000
8,224,215,-2.1504337,1.0000000
8,217,216,3.3065675,1.0000000
8,219,216,-0.9838075,1.0000000
8,218,217,1.5495552,1.0000000
8,222,217,1.1631461,1.0000000
8,221,218,0.7633224,1.0000000
8,220,219,0.7932663,1.0000000
8,223,220,2.0341515,1.0000000
8,222,221,1.3684134,1.0000000
8,302,301,1.3843902,1.0000000
9,102,101,0.2264486,1.0000000
9,103,101,0.2752271,1.0000000
9,105,101,0.0010481,1.0000000
9,104,102,0.2516262,1.0000000
9,106,102,-0.2565459,1.0000000
9,109,103,-0.1885504,1.0000000
9,124,103,-0.0676250,1.0000000
9,109,104,-0.0030762,1.0000000
9,110,105,-0.2366201,1.0000000
9,110,106,1.7740068,1.0000000
9,108,107,0.3704818,1.0000000
9,109,108,0.0199198,1.0000000
9,110,108,-0.2859801,1.0000000
9,111,109,-0.3214666,1.0000000
9,112,109,-0.4814245,1.0000000
9,111,110,0.3542310,1.0000000
9,112,110,0.1942732,1.0000000
9,113,111,-0.3216907,1.0000000
9,114,111,0.5420581,1.0000000
9,113,112,-0.0879716,1.0000000
9,123,112,0.1096260,1.0000000
9,123,113,0.1819868,1.0000000
9,116,114,-0.0033740,1.0000000
9,116,115,-0.4775341,1.0000000
9,121,115,0.2466927,1.0000000
9,124,115,0.0676250,1.0000000
9,117,116,0.2988763,1.0000000
9,119,116,-0.6834822,1.0000000
9,118,117,-0.0649988,1.0000000
9,122,117,0.6113731,1.0000000
9,121,118,0.5129614,1.0000000
9,120,119,-0.6022610,1.0000000
9,123,120,-0.5630968,1.0000000
9,122,121,0.7758661,1.0000000
9,202,201,0.2546316,1.0000000
9,203,201,0.2758328,1.0000000
9,205,201,0.0187128,1.0000000
9,204,202,0.2966969,1.0000000
9,206,202,-0.2485559,1.0000000
9,209,203,-0.1576867,1.0000000
9,224,203,-0.1221110,1.0000000
9,209,204,-0.0285123,1.0000000
9,210,205,-0.2286968,1.0000000
9,210,206,1.7729209,1.0000000
9,208,207,0.3267686,1.0000000
9,209,208,0.0203629,1.0000000
9,210,208,-0.2944018,1.0000000
9,211,209,-0.3132573,1.0000000
9,212,209,-0.4680340,1.0000000
9,211,210,0.3487829,1.0000000
9,212,210,0.1940061,1.0000000
9,213,211,-0.3105963,1.0000000
9,214,211,0.5337541,1.0000000
9,213,212,-0.0950046,1.0000000
9,223,212,0.1296443,1.0000000
9,223,213,0.2083989,1.0000000
9,216,214,-0.0693970,1.0000000
9,216,215,-0.2363794,1.0000000
9,221,215,0.2569180,1.0000000
9,224,215,0.1221110,1.0000000
9,217,216,0.2119555,1.0000000
9,219,216,-0.5376517,1.0000000
9,218,217,-0.0641448,1.0000000
9,222,217,0.5910678,1.0000000
9,221,218,0.3776814,1.0000000
9,220,219,-0.4679160,1.0000000
9,223,220,-0.4255203,1.0000000
9,222,221,0.7697145,1.0000000
9,302,301,1.2648620,1.0000000
6,101,-1,0.6313627,1.0000000
6,102,-1,0.7770148,1.0000000
6,103,-1,-1.7782203,1.0000000
6,104,-1,-0.7002584,1.0000000
6,105,-1,-0.6508555,1.0000000
6,106,-1,-1.1561720,1.0000000
6,107,-1,0.8525536,1.0000000
6,108,-1,-1.5888111,1.0000000
6,109,-1,-1.6703077,1.0000000
6,110,-1,-1.7492552,1.0000000
6,111,-1,0.0000000,1.0000000
6,112,-1,0.0000000,1.0000000
6,113,-1,0.0482781,1.0000000
6,114,-1,-1.9783509,1.0000000
6,115,-1,-1.1349916,1.0000000
6,116,-1,0.5490551,1.0000000
6,117,-1,0.0000000,1.0000000
6,118,-1,0.8051492,1.0000000
6,119,-1,-1.8038746,1.0000000
6,120,-1,-1.2567487,1.0000000
6,121,-1,3.9537303,1.0000000
6,122,-1,2.5145296,1.0000000
6,123,-1,5.8287241,1.0000000
6,124,-1,0.0000000,1.0000000
6,201,-1,-0.1172338,1.0000000
6,202,-1,0.7818456,1.0000000
6,203,-1,-1.7688749,1.0000000
6,204,-1,0.0637362,1.0000000
6,205,-1,-0.6465349,1.0000000
6,206,-1,-1.1519744,1.0000000
6,207,-1,1.0895963,1.0000000
6,208,-1,-1.6046547,1.0000000
6,209,-1,-1.6756693,1.0000000
6,210,-1,-1.7469637,1.0000000
6,211,-1,0.0000000,1.0000000
6,212,-1,0.0000000,1.0000000
6,213,-1,-0.0611744,1.0000000
6,214,-1,-1.9728663,1.0000000
6,215,-1,-2.2951408,1.0000000
6,216,-1,0.5272874,1.0000000
6,217,-1,0.5134393,1.0000000
6,218,-1,0.7546320,1.0000000
6,219,-1,-1.8031050,1.0000000
6,220,-1,-1.2569919,1.0000000
6,221,-1,3.9650153,1.0000000
6,222,-1,2.5315596,1.0000000
6,223,-1,6.4024073,1.0000000
6,224,-1,0.0000000,1.0000000
6,301,-1,-1.3843902,1.0000000
6,302,-1,1.3843902,1.0000000
7,101,-1,0.0503632,1.0000000
7,102,-1,0.3195393,1.0000000
7,103,-1,0.5619962,1.0000000
7,104,-1,0.2823902,1.0000000
7,105,-1,0.2622625,1.0000000
7,106,-1,0.5495136,1.0000000
7,107,-1,-0.3536267,1.0000000
7,108,-1,0.7260511,1.0000000
7,109,-1,0.6077991,1.0000000
7,110,-1,0.7110084,1.0000000
7,111,-1,0.0000000,1.0000000
7,112,-1,0.0000000,1.0000000
7,113,-1,-0.4046652,1.0000000
7,114,-1,0.6265694,1.0000000
7,115,-1,0.5117504,1.0000000
7,116,-1,0.0079512,1.0000000
7,117,-1,0.0000000,1.0000000
7,118,-1,-0.4675116,1.0000000
7,119,-1,0.0878193,1.0000000
7,120,-1,0.0556150,1.0000000
7,121,-1,0.1234990,1.0000000
7,122,-1,1.3872392,1.0000000
7,123,-1,-0.2714840,1.0000000
7,124,-1,0.0000000,1.0000000
7,201,-1,0.0019613,1.0000000
7,202,-1,0.2946074,1.0000000
7,203,-1,0.5854307,1.0000000
7,204,-1,0.3530083,1.0000000
7,205,-1,0.2719707,1.0000000
7,206,-1,0.5568766,1.0000000
7,207,-1,-0.3098238,1.0000000
7,208,-1,0.6905543,1.0000000
7,209,-1,0.5926991,1.0000000
7,210,-1,0.7150549,1.0000000
7,211,-1,0.0000000,1.0000000
7,212,-1,0.0000000,1.0000000
7,213,-1,-0.4271401,1.0000000
7,214,-1,0.6844137,1.0000000
7,215,-1,0.2078292,1.0000000
7,216,-1,0.1245208,1.0000000
7,217,-1,-0.0658372,1.0000000
7,218,-1,-0.3307349,1.0000000
7,219,-1,0.0993514,1.0000000
7,220,-1,0.0522970,1.0000000
7,221,-1,0.0055890,1.0000000
7,222,-1,1.3607823,1.0000000
7,223,-1,-0.0874771,1.0000000
7,224,-1,0.0000000,1.0000000
7,301,-1,-1.2648620,1.0000000
7,302,-1,1.2648620,1.0000000
