,type,fr,to,zmeas,prec
0,0,1,-1,-0.5100000000000002,1.0
1,0,2,-1,-0.19999999999999973,1.0
2,0,3,-1,-0.38999999999999946,1.0
3,0,4,-1,-0.389999999999997,1.0
4,0,5,-1,0.0,1.0
5,0,6,-1,-0.5200000000000009,1.0
6,0,7,-1,-0.18999999999999861,1.0
7,0,8,-1,-0.28000000000000236,1.0
8,0,9,-1,0.0,1.0
9,0,10,-1,4.499999999999998,1.0
10,0,11,-1,-0.7000000000000024,1.0
11,0,12,-1,0.37999999999999834,1.0
12,0,13,-1,-0.3400000000000001,1.0
13,0,14,-1,-0.13999999999999968,1.0
14,0,15,-1,-0.9000000000000008,1.0
15,0,16,-1,-0.24999999999999956,1.0
16,0,17,-1,-0.10999999999999988,1.0
17,0,18,-1,-0.6000000000000001,1.0
18,0,19,-1,-0.44999999999999996,1.0
19,0,20,-1,-0.18000000000000083,1.0
20,0,21,-1,-0.13999999999999968,1.0
21,0,22,-1,-0.10000000000000009,1.0
22,0,23,-1,-0.07000000000000028,1.0
23,0,24,-1,-0.1299999999999986,1.0
24,0,25,-1,2.2000000000000006,1.0
25,0,26,-1,3.139999999999999,1.0
26,0,27,-1,-0.7099999999999991,1.0
27,0,28,-1,-0.17000000000000037,1.0
28,0,29,-1,-0.23999999999999888,1.0
29,0,30,-1,0.0,1.0
30,0,31,-1,-0.35999999999999965,1.0
31,0,32,-1,-0.5899999999999987,1.0
32,0,33,-1,-0.23000000000000065,1.0
33,0,34,-1,-0.5899999999999983,1.0
34,0,35,-1,-0.3299999999999992,1.0
35,0,36,-1,-0.3100000000000023,1.0
36,0,37,-1,0.0,1.0
37,0,38,-1,0.0,1.0
38,0,39,-1,-0.27000000000000046,1.0
39,0,40,-1,-0.6599999999999999,1.0
40,0,41,-1,-0.370000000000001,1.0
41,0,42,-1,-0.9599999999999997,1.0
42,0,43,-1,-0.18000000000000027,1.0
43,0,44,-1,-0.1599999999999996,1.0
44,0,45,-1,-0.5299999999999989,1.0
45,0,46,-1,-0.09000000000000008,1.0
46,0,47,-1,-0.33999999999999986,1.0
47,0,48,-1,-0.20000000000000018,1.0
48,0,49,-1,1.170000000000001,1.0
49,0,50,-1,-0.17000000000000104,1.0
50,0,51,-1,-0.17000000000000037,1.0
51,0,52,-1,-0.1799999999999995,1.0
52,0,53,-1,-0.22999999999999954,1.0
53,0,54,-1,-0.6500000000000001,1.0
54,0,55,-1,-0.6299999999999982,1.0
55,0,56,-1,-0.840000000000003,1.0
56,0,57,-1,-0.11999999999999966,1.0
57,0,58,-1,-0.11999999999999922,1.0
58,0,59,-1,-1.2199999999999998,1.0
59,0,60,-1,-0.7799999999999997,1.0
60,0,61,-1,1.5999999999999996,1.0
61,0,62,-1,-0.7700000000000006,1.0
62,0,63,-1,0.0,1.0
63,0,64,-1,0.0,1.0
64,0,65,-1,3.9099999999999984,1.0
65,0,66,-1,3.529999999999999,1.0
66,0,67,-1,-0.28,1.0
67,0,68,-1,0.0,1.0
68,0,69,-1,5.134777963682547,1.0
69,0,70,-1,-0.6600000000000013,1.0
70,0,71,-1,0.0,1.0
71,0,72,-1,-0.12000000000000055,1.0
72,0,73,-1,-0.0600000000000005,1.0
73,0,74,-1,-0.6799999999999999,1.0
74,0,75,-1,-0.4700000000000015,1.0
75,0,76,-1,-0.6800000000000004,1.0
76,0,77,-1,-0.6100000000000039,1.0
77,0,78,-1,-0.7099999999999991,1.0
78,0,79,-1,-0.3900000000000001,1.0
79,0,80,-1,3.470000000000002,1.0
80,0,81,-1,0.0,1.0
81,0,82,-1,-0.5399999999999996,1.0
82,0,83,-1,-0.1999999999999984,1.0
83,0,84,-1,-0.10999999999999854,1.0
84,0,85,-1,-0.2400000000000022,1.0
85,0,86,-1,-0.20999999999999952,1.0
86,0,87,-1,0.039999999999999813,1.0
87,0,88,-1,-0.47999999999999976,1.0
88,0,89,-1,6.069999999999997,1.0
89,0,90,-1,-1.63,1.0
90,0,91,-1,-0.09999999999999964,1.0
91,0,92,-1,-0.6499999999999944,1.0
92,0,93,-1,-0.12000000000000144,1.0
93,0,94,-1,-0.29999999999999694,1.0
94,0,95,-1,-0.4200000000000026,1.0
95,0,96,-1,-0.3799999999999988,1.0
96,0,97,-1,-0.1500000000000008,1.0
97,0,98,-1,-0.34000000000000075,1.0
98,0,99,-1,-0.4200000000000004,1.0
99,0,100,-1,2.1499999999999977,1.0
100,0,101,-1,-0.21999999999999975,1.0
101,0,102,-1,-0.05000000000000204,1.0
102,0,103,-1,0.17000000000000215,1.0
103,0,104,-1,-0.3799999999999991,1.0
104,0,105,-1,-0.3099999999999985,1.0
105,0,106,-1,-0.43000000000000094,1.0
106,0,107,-1,-0.5000000000000004,1.0
107,0,108,-1,-0.020000000000000462,1.0
108,0,109,-1,-0.0799999999999983,1.0
109,0,110,-1,-0.3900000000000008,1.0
110,0,111,-1,0.3599999999999999,1.0
111,0,112,-1,-0.6800000000000006,1.0
112,0,113,-1,-0.05999999999999939,1.0
113,0,114,-1,-0.08000000000000007,1.0
114,0,115,-1,-0.21999999999999664,1.0
115,0,116,-1,-1.8399999999999963,1.0
116,0,117,-1,-0.20000000000000018,1.0
117,0,118,-1,-0.3299999999999983,1.0
118,1,1,-1,-0.30103902763629087,1.0
119,1,2,-1,-0.08999999999999986,1.0
120,1,3,-1,-0.09999999999999787,1.0
121,1,4,-1,-0.27005691641346097,1.0
122,1,5,-1,0.0,1.0
123,1,6,-1,-0.060703405655743836,1.0
124,1,7,-1,-0.020000000000017337,1.0
125,1,8,-1,0.6272865645051304,1.0
126,1,9,-1,0.0,1.0
127,1,10,-1,-0.510421515911375,1.0
128,1,11,-1,-0.22999999999999865,1.0
129,1,12,-1,0.8127234026173769,1.0
130,1,13,-1,-0.16000000000000103,1.0
131,1,14,-1,-0.009999999999999787,1.0
132,1,15,-1,-0.25933662780179745,1.0
133,1,16,-1,-0.09999999999999964,1.0
134,1,17,-1,-0.029999999999997584,1.0
135,1,18,-1,-0.07634754095601082,1.0
136,1,19,-1,-0.3517271100767241,1.0
137,1,20,-1,-0.030000000000001137,1.0
138,1,21,-1,-0.07999999999999474,1.0
139,1,22,-1,-0.04999999999999449,1.0
140,1,23,-1,-0.0300000000000038,1.0
141,1,24,-1,-0.15401842495083828,1.0
142,1,25,-1,0.49720203530963314,1.0
143,1,26,-1,0.09887257792590631,1.0
144,1,27,-1,-0.10969640148630067,1.0
145,1,28,-1,-0.06999999999999673,1.0
146,1,29,-1,-0.040000000000000924,1.0
147,1,30,-1,0.0,1.0
148,1,31,-1,0.045656068827260476,1.0
149,1,32,-1,-0.35338329328753293,1.0
150,1,33,-1,-0.08999999999999986,1.0
151,1,34,-1,-0.32833879800217636,1.0
152,1,35,-1,-0.08999999999999986,1.0
153,1,36,-1,-0.18920364065982653,1.0
154,1,37,-1,0.0,1.0
155,1,38,-1,0.0,1.0
156,1,39,-1,-0.10999999999999943,1.0
157,1,40,-1,0.037688392285190275,1.0
158,1,41,-1,-0.09999999999999964,1.0
159,1,42,-1,0.18002855280026608,1.0
160,1,43,-1,-0.07000000000000073,1.0
161,1,44,-1,-0.07999999999999902,1.0
162,1,45,-1,-0.21999999999999847,1.0
163,1,46,-1,-0.1524604961159427,1.0
164,1,47,-1,0.0,1.0
165,1,48,-1,-0.11000000000000237,1.0
166,1,49,-1,0.8563413385603162,1.0
167,1,50,-1,-0.04000000000000181,1.0
168,1,51,-1,-0.08000000000000362,1.0
169,1,52,-1,-0.049999999999998934,1.0
170,1,53,-1,-0.11000000000000032,1.0
171,1,54,-1,-0.2809736280606616,1.0
172,1,55,-1,-0.17335813139255096,1.0
173,1,56,-1,-0.2028558961325162,1.0
174,1,57,-1,-0.02999999999999936,1.0
175,1,58,-1,-0.02999999999999936,1.0
176,1,59,-1,-0.3616685372146895,1.0
177,1,60,-1,-0.030000000000015348,1.0
178,1,61,-1,-0.4039423574845378,1.0
179,1,62,-1,-0.12741170625348897,1.0
180,1,63,-1,0.0,1.0
181,1,64,-1,0.0,1.0
182,1,65,-1,0.8075842297325284,1.0
183,1,66,-1,-0.19950621455873474,1.0
184,1,67,-1,-0.07000000000000206,1.0
185,1,68,-1,0.0,1.0
186,1,69,-1,-0.8238578392231002,1.0
187,1,70,-1,-0.10336285107748422,1.0
188,1,71,-1,0.0,1.0
189,1,72,-1,-0.11130206054108616,1.0
190,1,73,-1,0.09651292079548668,1.0
191,1,74,-1,-0.32627193553590106,1.0
192,1,75,-1,-0.11000000000000121,1.0
193,1,76,-1,-0.3073101845292818,1.0
194,1,77,-1,-0.1613396456896652,1.0
195,1,78,-1,-0.259999999999998,1.0
196,1,79,-1,-0.3200000000000037,1.0
197,1,80,-1,0.7890120687160174,1.0
198,1,81,-1,0.0,1.0
199,1,82,-1,-0.2699999999999876,1.0
200,1,83,-1,-0.1000000000000002,1.0
201,1,84,-1,-0.07000000000000384,1.0
202,1,85,-1,-0.2082235540803259,1.0
203,1,86,-1,-0.09999999999999964,1.0
204,1,87,-1,0.11021607354416929,1.0
205,1,88,-1,-0.09999999999999964,1.0
206,1,89,-1,-0.13661145296910604,1.0
207,1,90,-1,0.17297101720635766,1.0
208,1,91,-1,-0.15404014155999235,1.0
209,1,92,-1,-0.09514732929380143,1.0
210,1,93,-1,-0.07000000000000206,1.0
211,1,94,-1,-0.15999999999999925,1.0
212,1,95,-1,-0.3099999999999987,1.0
213,1,96,-1,-0.15000000000000657,1.0
214,1,97,-1,-0.09000000000000163,1.0
215,1,98,-1,-0.08000000000000096,1.0
216,1,99,-1,-0.1753699465251497,1.0
217,1,100,-1,0.9087320744474701,1.0
218,1,101,-1,-0.15000000000000124,1.0
219,1,102,-1,-0.029999999999997584,1.0
220,1,103,-1,0.2568939374904353,1.0
221,1,104,-1,-0.16999108447296418,1.0
222,1,105,-1,-0.38886200670539717,1.0
223,1,106,-1,-0.16000000000000147,1.0
224,1,107,-1,-0.05436898534234377,1.0
225,1,108,-1,-0.00999999999999801,1.0
226,1,109,-1,-0.029999999999997584,1.0
227,1,110,-1,-0.247429655932217,1.0
228,1,111,-1,-0.018438247849232425,1.0
229,1,112,-1,0.28511693396859883,1.0
230,1,113,-1,0.06108360399538526,1.0
231,1,114,-1,-0.02999999999999403,1.0
232,1,115,-1,-0.07000000000000206,1.0
233,1,116,-1,0.5132367413825705,1.0
234,1,117,-1,-0.08000000000000096,1.0
235,1,118,-1,-0.1499999999999897,1.0
236,2,1,2,-0.12356144607346531,1.0
237,2,1,3,-0.3864385539265349,1.0
238,2,4,5,-1.0321251214221014,1.0
239,2,3,5,-0.68102790225813,1.0
240,2,5,6,0.8845542279829872,1.0
241,2,6,7,0.35525249390441793,1.0
242,2,8,9,-4.40635012460163,1.0
243,2,8,5,3.384148974650209,1.0
244,2,9,10,-4.452546498499087,1.0
245,2,4,11,0.6421251214221044,1.0
246,2,5,11,0.7720512728625488,1.0
247,2,11,12,0.34282518761297176,1.0
248,2,2,12,-0.32453770581296393,1.0
249,2,3,12,-0.09791126656649451,1.0
250,2,7,12,0.16465197632416118,1.0
251,2,11,13,0.35061608835284197,1.0
252,2,12,14,0.18286738535059266,1.0
253,2,13,15,0.007449148389933269,1.0
254,2,14,15,0.04210662779029084,1.0
255,2,12,16,0.07500977076270621,1.0
256,2,15,17,-1.0373515998176686,1.0
257,2,16,17,-0.17517352122945962,1.0
258,2,17,18,0.8025360456065815,1.0
259,2,18,19,0.19372868362574502,1.0
260,2,19,20,-0.10633668944319408,1.0
261,2,15,19,0.11436542941463834,1.0
262,2,20,21,-0.2867658926019878,1.0
263,2,21,22,-0.4284749029393391,1.0
264,2,22,23,-0.5326536873061174,1.0
265,2,23,24,0.08299680700082224,1.0
266,2,23,25,-1.6262544484781616,1.0
267,2,26,25,0.9030025866310357,1.0
268,2,25,27,1.4347439547584733,1.0
269,2,27,28,0.3285258876122503,1.0
270,2,28,29,0.15632206883120325,1.0
271,2,30,17,2.310379735518548,1.0
272,2,8,30,0.7422011499514186,1.0
273,2,26,30,2.236997413368963,1.0
274,2,17,31,0.14760347349426128,1.0
275,2,29,31,-0.08438076319464649,1.0
276,2,23,32,0.9302011738855809,1.0
277,2,31,32,-0.29885833225677105,1.0
278,2,27,32,0.12483880759474131,1.0
279,2,15,33,0.07223080562796858,1.0
280,2,19,34,-0.036701646090131934,1.0
281,2,35,36,0.006590472159981431,1.0
282,2,35,37,-0.3365904721599806,1.0
283,2,33,37,-0.1580269845810165,1.0
284,2,34,36,0.3043847384958571,1.0
285,2,34,37,-0.9460876429454323,1.0
286,2,38,37,2.4371479996936185,1.0
287,2,37,39,0.5496597086560562,1.0
288,2,37,40,0.44103202897657146,1.0
289,2,30,38,0.6255202618683672,1.0
290,2,39,40,0.26972003942820955,1.0
291,2,40,41,0.15517021363165728,1.0
292,2,40,42,-0.11766234642957718,1.0
293,2,41,42,-0.21520554156774807,1.0
294,2,43,44,-0.16568405449147316,1.0
295,2,34,43,0.01439263079892461,1.0
296,2,44,45,-0.3274497502067142,1.0
297,2,45,46,-0.3631591130084397,1.0
298,2,46,47,-0.31099261246283083,1.0
299,2,46,48,-0.14759784897819017,1.0
300,2,47,49,-0.09555545588863179,1.0
301,2,42,49,-1.2959924763883148,1.0
302,2,45,49,-0.49687632747927135,1.0
303,2,48,49,-0.3489648621665511,1.0
304,2,49,50,0.5366700060699046,1.0
305,2,49,51,0.6663587123876193,1.0
306,2,51,52,0.28561404933856593,1.0
307,2,52,53,0.10373935391313194,1.0
308,2,53,54,-0.1268023366400659,1.0
309,2,49,54,0.7552498468039024,1.0
310,2,54,55,0.07075587836878894,1.0
311,2,54,56,0.18534754241718687,1.0
312,2,55,56,-0.2142672230067113,1.0
313,2,56,57,-0.2299472655356416,1.0
314,2,50,57,0.35882285639601164,1.0
315,2,56,58,-0.06671719453335268,1.0
316,2,51,58,0.18791691689597556,1.0
317,2,54,59,-0.30374551440873265,1.0
318,2,56,59,-0.5726298154508895,1.0
319,2,55,59,-0.34508014195656245,1.0
320,2,59,60,-0.4331238352477724,1.0
321,2,59,61,-0.5171390549987822,1.0
322,2,60,61,-1.1206041088143923,1.0
323,2,60,62,-0.09874419651467514,1.0
324,2,61,62,0.25486998220641066,1.0
325,2,63,59,1.5175084213302528,1.0
326,2,63,64,-1.5175084213302545,1.0
327,2,64,61,0.30519956349550537,1.0
328,2,38,65,-1.814205363845783,1.0
329,2,64,65,-1.8275314140659105,1.0
330,2,49,66,-2.6435900877982856,1.0
331,2,62,66,-0.37166503642011783,1.0
332,2,62,67,-0.24307114321661016,1.0
333,2,65,66,0.08456390283570597,1.0
334,2,66,67,0.5316481746501991,1.0
335,2,65,68,0.14165929420930912,1.0
336,2,47,69,-0.5590764215217152,1.0
337,2,49,69,-0.4650817346624071,1.0
338,2,68,69,-1.2565863429013668,1.0
339,2,69,70,1.0834714075450071,1.0
340,2,24,70,-0.062079277558465575,1.0
341,2,70,71,0.16645945310551546,1.0
342,2,24,72,0.014740314625631301,1.0
343,2,71,72,0.10595294508228492,1.0
344,2,71,73,0.060124023136079785,1.0
345,2,70,74,0.16201840696456826,1.0
346,2,70,75,-0.0014029971626194904,1.0
347,2,69,75,1.0997195534885962,1.0
348,2,74,75,-0.5199424524415521,1.0
349,2,76,77,-0.6117024497528172,1.0
350,2,69,77,0.621049665248544,1.0
351,2,75,77,-0.346347013858219,1.0
352,2,77,78,0.4537205087205116,1.0
353,2,78,79,-0.25706389248717976,1.0
354,2,77,80,-1.4100591354181464,1.0
355,2,79,80,-0.6475987107960708,1.0
356,2,68,81,-0.44305414891759654,1.0
357,2,81,80,-0.4436215047638711,1.0
358,2,77,82,-0.030828112457804924,1.0
359,2,82,83,-0.47061976789032745,1.0
360,2,83,84,-0.2471297166274291,1.0
361,2,83,85,-0.42682503854389564,1.0
362,2,84,85,-0.36271670528185407,1.0
363,2,85,86,0.17172481229798775,1.0
364,2,86,87,-0.039469498481565335,1.0
365,2,85,88,-0.5031035216078354,1.0
366,2,85,89,-0.7115179534570178,1.0
367,2,88,89,-0.9884849052595777,1.0
368,2,89,90,1.688763116865542,1.0
369,2,90,91,0.012508985060530886,1.0
370,2,89,92,2.6548096143572346,1.0
371,2,91,92,-0.08757462628470813,1.0
372,2,92,93,0.5774242159237248,1.0
373,2,92,94,0.5228178681369882,1.0
374,2,93,94,0.44846956850183606,1.0
375,2,94,95,0.409952064015755,1.0
376,2,80,96,0.1892910473415249,1.0
377,2,82,96,-0.10158520926805892,1.0
378,2,94,96,0.19934062535682795,1.0
379,2,80,97,0.2638402647517297,1.0
380,2,80,98,0.2886007533182098,1.0
381,2,80,99,0.19475532929490824,1.0
382,2,92,100,0.31445002218921386,1.0
383,2,94,100,0.04266649526321675,1.0
384,2,95,96,-0.012441829576581576,1.0
385,2,96,97,-0.11061385312275096,1.0
386,2,98,100,-0.05344684642095876,1.0
387,2,99,100,-0.2273574449012532,1.0
388,2,100,101,-0.1673744249257938,1.0
389,2,92,102,0.4462118746660151,1.0
390,2,101,102,-0.3896049169795128,1.0
391,2,100,103,1.2113846386253515,1.0
392,2,100,104,0.5641687610118336,1.0
393,2,103,104,0.32307312925695686,1.0
394,2,103,105,0.4296131163074848,1.0
395,2,100,106,0.6054842988277135,1.0
396,2,104,105,0.48724399932149876,1.0
397,2,105,106,0.087107031195508,1.0
398,2,105,107,0.26732498676427063,1.0
399,2,105,108,0.23958882585031027,1.0
400,2,106,107,0.24006271410399016,1.0
401,2,108,109,0.2176844677940153,1.0
402,2,103,110,0.6059907399519074,1.0
403,2,109,110,0.1370259531594531,1.0
404,2,110,111,-0.35702944922264557,1.0
405,2,110,112,0.6945858822154118,1.0
406,2,17,113,0.02047022182604863,1.0
407,2,32,113,0.04116095074713866,1.0
408,2,32,114,0.09350417452451021,1.0
409,2,27,115,0.20744096422807345,1.0
410,2,114,115,0.013362308437905313,1.0
411,2,68,116,1.8412592770160643,1.0
412,2,12,117,0.20152549938079867,1.0
413,2,75,118,0.40194375797890824,1.0
414,2,76,118,-0.0682975502471832,1.0
415,3,1,2,-0.13040117610043644,1.0
416,3,1,3,-0.17063785153585442,1.0
417,3,4,5,-0.2679193584776982,1.0
418,3,3,5,-0.14490982990751,1.0
419,3,5,6,0.0410842308421735,1.0
420,3,6,7,-0.047682286916341354,1.0
421,3,8,9,-0.897336253648298,1.0
422,3,8,5,1.2472279725870976,1.0
423,3,9,10,-0.2442890621013163,1.0
424,3,4,11,-0.002137557935762757,1.0
425,3,5,11,0.029697679591695447,1.0
426,3,11,12,-0.35131583188761795,1.0
427,3,2,12,-0.20005344660475366,1.0
428,3,3,12,-0.12394696869281496,1.0
429,3,7,12,-0.0650166952231217,1.0
430,3,11,13,0.11414395510088227,1.0
431,3,12,14,0.026306499802840833,1.0
432,3,13,15,-0.03836355267287406,1.0
433,3,14,15,0.03148861643778389,1.0
434,3,12,16,0.042873314072013,1.0
435,3,15,17,-0.24415230226571794,1.0
436,3,16,17,-0.0370021905795106,1.0
437,3,17,18,0.24858484427950245,1.0
438,3,18,19,0.14864826980391754,1.0
439,3,19,20,0.053169797831507104,1.0
440,3,15,19,0.1328620775867151,1.0
441,3,20,21,0.04866259580988164,1.0
442,3,21,22,-0.019438917532372813,1.0
443,3,22,23,-0.06597295624842747,1.0
444,3,23,24,0.1091634802517163,1.0
445,3,23,25,-0.2584409277115771,1.0
446,3,26,25,0.21584964064047085,1.0
447,3,25,27,0.30055142967845416,1.0
448,3,27,28,-0.005877045733884145,1.0
449,3,28,29,-0.06562115307824001,1.0
450,3,30,17,0.9340091667853834,1.0
451,3,8,30,0.27739484556633087,1.0
452,3,26,30,-0.11697706271456454,1.0
453,3,17,31,0.11553247293630697,1.0
454,3,29,31,-0.08637411143545393,1.0
455,3,23,32,0.044117395751197996,1.0
456,3,31,32,0.11413228637281136,1.0
457,3,27,32,0.004984509519077918,1.0
458,3,15,33,-0.0491689902801804,1.0
459,3,19,34,-0.10778164227584242,1.0
460,3,35,36,0.06412466008254114,1.0
461,3,35,37,-0.154124660082541,1.0
462,3,33,37,-0.109910742066476,1.0
463,3,34,36,0.1200302224668306,1.0
464,3,34,37,-0.3814487017669137,1.0
465,3,38,37,1.120010545004405,1.0
466,3,37,39,0.038052750434673044,1.0
467,3,37,40,-0.028731167597060292,1.0
468,3,30,38,0.18014541978907417,1.0
469,3,39,40,-0.07876787334072688,1.0
470,3,40,41,0.011710485869844689,1.0
471,3,40,42,-0.06469698179369043,1.0
472,3,41,42,-0.07809121143896114,1.0
473,3,43,44,-0.01010239655687828,1.0
474,3,34,43,0.019432650476206348,1.0
475,3,44,45,0.05829737626425313,1.0
476,3,45,46,-0.03360930468524259,1.0
477,3,46,47,-0.01224076852605549,1.0
478,3,46,48,-0.05831185343004286,1.0
479,3,47,49,-0.10826933575995312,1.0
480,3,42,49,0.10424287957161127,1.0
481,3,45,49,-0.019370042385189024,1.0
482,3,48,49,0.03206363930230083,1.0
483,3,49,50,0.13425549190346153,1.0
484,3,49,51,0.20441164865767103,1.0
485,3,51,52,0.06244916671242606,1.0
486,3,52,53,0.0199344422401051,1.0
487,3,53,54,-0.055519737813942704,1.0
488,3,49,54,0.2426544021941286,1.0
489,3,54,55,0.014563174538633206,1.0
490,3,54,56,0.04344448884035046,1.0
491,3,55,56,-0.05822152543832004,1.0
492,3,56,57,-0.09100592781653027,1.0
493,3,50,57,0.09138880576206265,1.0
494,3,56,58,-0.03690373272368319,1.0
495,3,51,58,0.03156426617729835,1.0
496,3,54,59,-0.07508940952186727,1.0
497,3,56,59,-0.08085832681644955,1.0
498,3,55,59,-0.08264021996985393,1.0
499,3,59,60,0.035729953528616853,1.0
500,3,59,61,0.05030726990897172,1.0
501,3,60,61,0.08517907503775746,1.0
502,3,60,62,-0.07113688585029365,1.0
503,3,61,62,-0.1385649915472662,1.0
504,3,63,59,0.6748431151497627,1.0
505,3,63,64,-0.6748431151497485,1.0
506,3,64,61,0.13989133818738964,1.0
507,3,38,65,-0.5696409258204689,1.0
508,3,64,65,-0.6649516188874038,1.0
509,3,49,66,0.08623395066980777,1.0
510,3,62,66,-0.17263452263441526,1.0
511,3,62,67,-0.14412984385957195,1.0
512,3,65,66,0.7224944908327409,1.0
513,3,66,67,0.192719861940148,1.0
514,3,65,68,-0.2243139698404164,1.0
515,3,47,69,0.11616766195152906,1.0
516,3,49,69,0.10632015567381714,1.0
517,3,68,69,1.1281346191380415,1.0
518,3,69,70,0.16077690940878497,1.0
519,3,24,70,-0.029743146697553957,1.0
520,3,70,71,-0.12375079140275957,1.0
521,3,24,72,0.03305352332914602,1.0
522,3,71,72,-0.009381136918858779,1.0
523,3,71,73,-0.10738323561436403,1.0
524,3,70,74,0.12894268593155456,1.0
525,3,70,75,0.09941418958590287,1.0
526,3,69,75,0.2049209392262199,1.0
527,3,74,75,-0.06190636186743248,1.0
528,3,76,77,-0.21031981349185003,1.0
529,3,69,77,0.06808746420550271,1.0
530,3,75,77,-0.09543739993674372,1.0
531,3,77,78,0.0661708724321528,1.0
532,3,78,79,-0.18365656376223427,1.0
533,3,77,80,-0.5793476171113738,1.0
534,3,79,80,-0.2957781281556695,1.0
535,3,68,81,-0.046051473394499,1.0
536,3,81,80,0.7554542452616282,1.0
537,3,77,82,0.172669036004093,1.0
538,3,82,83,0.24536402237263033,1.0
539,3,83,84,0.14743481956352067,1.0
540,3,83,85,0.12090921797250687,1.0
541,3,84,85,0.09052326527117316,1.0
542,3,85,86,-0.07353672947157097,1.0
543,3,86,87,-0.15090966470235134,1.0
544,3,85,88,0.07574278727976314,1.0
545,3,85,89,0.006542074554895194,1.0
546,3,88,89,-0.024857153379750585,1.0
547,3,89,90,-0.10143275564164611,1.0
548,3,90,91,0.044730275768566585,1.0
549,3,89,92,-0.14955147056481266,1.0
550,3,91,92,-0.08892737153795949,1.0
551,3,92,93,-0.10465495293640004,1.0
552,3,92,94,-0.14023758862235347,1.0
553,3,93,94,-0.18271285733504605,1.0
554,3,94,95,0.09443639557817107,1.0
555,3,80,96,0.20781173802809771,1.0
556,3,82,96,-0.06976675068213112,1.0
557,3,94,96,-0.09339833452045454,1.0
558,3,80,97,0.2546630664983862,1.0
559,3,80,98,0.0833437957038985,1.0
560,3,80,99,0.08184847277316276,1.0
561,3,92,100,-0.155845230628342,1.0
562,3,94,100,-0.4891677376420347,1.0
563,3,95,96,-0.2126436240740297,1.0
564,3,96,97,-0.19901820412026616,1.0
565,3,98,100,0.02449932233155483,1.0
566,3,99,100,-0.045731660324875634,1.0
567,3,100,101,0.21813347064438826,1.0
568,3,92,102,-0.07439437182768316,1.0
569,3,101,102,0.09109709359805684,1.0
570,3,100,103,-0.04868311597296682,1.0
571,3,100,104,0.10622008843361996,1.0
572,3,103,104,0.08115592611310252,1.0
573,3,103,105,0.07326724067712398,1.0
574,3,100,106,0.09457040447384824,1.0
575,3,104,105,0.02598366165981858,1.0
576,3,105,106,0.039361569869807767,1.0
577,3,105,107,-0.023697695318047884,1.0
578,3,105,108,-0.11126506379120649,1.0
579,3,106,107,-0.03735881160811072,1.0
580,3,108,109,-0.10920105870688346,1.0
581,3,103,110,0.033850739963321,1.0
582,3,109,110,-0.13390619467109488,1.0
583,3,110,111,0.009561348016971394,1.0
584,3,110,112,-0.30614152894891333,1.0
585,3,17,113,0.060564863687424975,1.0
586,3,32,113,-0.17346102921562778,1.0
587,3,32,114,0.024413153517416575,1.0
588,3,27,115,0.04389955171904347,1.0
589,3,114,115,0.008846891308309068,1.0
590,3,68,116,-0.6635923426973136,1.0
591,3,12,117,0.05197251717446427,1.0
592,3,75,118,0.23594023966283117,1.0
593,3,76,118,-0.0969903710374318,1.0
594,2,2,1,0.1245377058129642,1.0
595,2,3,1,0.3889391688246251,1.0
596,2,5,4,1.0341333930937324,1.0
597,2,5,3,0.6934100807109398,1.0
598,2,6,5,-0.8752524939044188,1.0
599,2,7,6,-0.3546519763241598,1.0
600,2,9,8,4.452546498499093,1.0
601,2,5,8,-3.384148974650209,1.0
602,2,10,9,4.499999999999998,1.0
603,2,11,4,-0.6334720566750947,1.0
604,2,11,5,-0.7599692192907215,1.0
605,2,12,11,-0.3413582499795993,1.0
606,2,12,2,0.3273604038648035,1.0
607,2,12,3,0.09897591599972766,1.0
608,2,12,7,-0.16438072537903103,1.0
609,2,13,11,-0.34744914838993335,1.0
610,2,14,12,-0.18210662779029052,1.0
611,2,15,13,-0.007438348000437189,1.0
612,2,15,14,-0.04180628722450197,1.0
613,2,16,12,-0.07482647877053994,1.0
614,2,17,15,1.0531476227212524,1.0
615,2,17,16,0.1766223718704043,1.0
616,2,18,17,-0.7937286836257451,1.0
617,2,19,18,-0.19300457124801618,1.0
618,2,20,19,0.10676589260198699,1.0
619,2,19,15,-0.11395709321865777,1.0
620,2,21,20,0.2884749029393394,1.0
621,2,22,21,0.4326536873061173,1.0
622,2,23,22,0.5430564675917582,1.0
623,2,24,23,-0.08266103706716432,1.0
624,2,25,23,1.6682586318725632,1.0
625,2,25,26,-0.9030025866310357,1.0
626,2,27,25,-1.3708056594350642,1.0
627,2,28,27,-0.3263220688312036,1.0
628,2,29,28,-0.1556192368053524,1.0
629,2,17,30,-2.310379735518548,1.0
630,2,30,8,-0.7386668729391481,1.0
631,2,30,26,-2.197233124447652,1.0
632,2,31,17,-0.14568458825896413,1.0
633,2,31,29,0.08454292051573553,1.0
634,2,32,23,-0.9024215935085591,1.0
635,2,32,31,0.30220960392565654,1.0
636,2,32,27,-0.12445313568874505,1.0
637,2,33,15,-0.07197301541898415,1.0
638,2,34,19,0.037310273650652315,1.0
639,2,36,35,-0.0065804051685915965,1.0
640,2,37,35,0.3381360438624563,1.0
641,2,37,33,0.15950204114661481,1.0
642,2,36,34,-0.3034195948314107,1.0
643,2,37,34,0.9488181770519901,1.0
644,2,37,38,-2.4371479996936185,1.0
645,2,39,37,-0.53972003942821,1.0
646,2,40,37,-0.4293088128393452,1.0
647,2,38,30,-0.6229426358478738,1.0
648,2,40,39,-0.26819905436273483,1.0
649,2,41,40,-0.15479445843225292,1.0
650,2,42,40,0.1185868967896575,1.0
651,2,42,41,0.21740557959865758,1.0
652,2,44,43,0.1674497502067146,1.0
653,2,43,34,-0.014315945508527106,1.0
654,2,45,44,0.33003544048771216,1.0
655,2,46,45,0.3685904614410209,1.0
656,2,47,46,0.31463187741034715,1.0
657,2,48,46,0.14896486216655092,1.0
658,2,49,47,0.09590860559879477,1.0
659,2,49,42,1.3591787012062044,1.0
660,2,49,45,0.5142229093943866,1.0
661,2,49,48,0.35108304099988175,1.0
662,2,50,49,-0.5288228563960127,1.0
663,2,51,49,-0.6435309662345419,1.0
664,2,52,51,-0.28373935391313143,1.0
665,2,53,52,-0.10319766335993363,1.0
666,2,54,53,0.12732586266898238,1.0
667,2,54,49,-0.7296837690462257,1.0
668,2,55,54,-0.07065263503672448,1.0
669,2,56,54,-0.18523735753958093,1.0
670,2,56,55,0.21453163305946177,1.0
671,2,57,56,0.23218118133686527,1.0
672,2,57,50,-0.35218118133686493,1.0
673,2,58,56,0.0669102127777057,1.0
674,2,58,51,-0.18691021277770492,1.0
675,2,59,54,0.308960029646121,1.0
676,2,59,56,0.5873342969630242,1.0
677,2,59,55,0.35147698496766255,1.0
678,2,60,59,0.43934830532906777,1.0
679,2,61,59,0.5263416049670759,1.0
680,2,61,60,1.1239879763220184,1.0
681,2,62,60,0.09891669844733597,1.0
682,2,62,61,-0.25418051881060855,1.0
683,2,59,63,-1.5175084213302528,1.0
684,2,64,63,1.5223318505704069,1.0
685,2,61,64,-0.30519956349550537,1.0
686,2,65,38,1.8463183518074457,1.0
687,2,65,64,1.8374584511475376,1.0
688,2,66,49,2.7035644813805195,1.0
689,2,66,62,0.37935124680498644,1.0
690,2,67,62,0.24503061828787165,1.0
691,2,66,65,-0.08456390283570597,1.0
692,2,67,66,-0.5250306182878717,1.0
693,2,68,65,-0.14161878519709337,1.0
694,2,69,47,0.5864859475207175,1.0
695,2,69,49,0.4874650469783147,1.0
696,2,69,68,1.2565863429013668,1.0
697,2,70,69,-1.0491637331204398,1.0
698,2,70,24,0.06208887021297424,1.0
699,2,71,70,-0.16607696821836004,1.0
700,2,72,24,-0.014568055127370583,1.0
701,2,72,71,-0.10543194487262997,1.0
702,2,73,71,-0.0600000000000005,1.0
703,2,74,70,-0.1600575475584478,1.0
704,2,75,70,0.002006556646522606,1.0
705,2,75,69,-1.0512126799997445,1.0
706,2,75,74,0.5236093792325311,1.0
707,2,77,76,0.6322635024839642,1.0
708,2,77,69,-0.609482615140184,1.0
709,2,77,75,0.3543858518116556,1.0
710,2,78,77,-0.4529361075128193,1.0
711,2,79,78,0.25759871079607066,1.0
712,2,80,77,1.4346139935259181,1.0
713,2,80,79,0.6552771070038403,1.0
714,2,81,68,0.4436215047638692,1.0
715,2,80,81,0.4436215047638711,1.0
716,2,82,77,0.03220497715838677,1.0
717,2,83,82,0.47395475517132635,1.0
718,2,84,83,0.2527167052818555,1.0
719,2,85,83,0.4357483150168415,1.0
720,2,85,84,0.3671483477500219,1.0
721,2,86,85,-0.17053050151843419,1.0
722,2,87,86,0.039999999999999813,1.0
723,2,88,85,0.5084849052595779,1.0
724,2,89,85,0.7240100441143733,1.0
725,2,89,88,1.0024172246628469,1.0
726,2,90,89,-1.6425089850605308,1.0
727,2,91,90,-0.01242537371529151,1.0
728,2,92,89,-2.599003764980388,1.0
729,2,92,91,0.08809978406445174,1.0
730,2,93,92,-0.5684695685018375,1.0
731,2,94,92,-0.5087792410931844,1.0
732,2,94,93,-0.44317994354261225,1.0
733,2,95,94,-0.407558170423421,1.0
734,2,96,80,-0.18630131433590225,1.0
735,2,96,82,0.10178707454381719,1.0
736,2,96,94,-0.19806705298299843,1.0
737,2,97,80,-0.2614436361807435,1.0
738,2,98,80,-0.286553153579042,1.0
739,2,99,80,-0.19264255509874717,1.0
740,2,100,92,-0.306796983103806,1.0
741,2,100,94,-0.03880481462489449,1.0
742,2,96,95,0.013195145897835658,1.0
743,2,97,96,0.11144363618074271,1.0
744,2,100,98,0.05364770297513033,1.0
745,2,100,99,0.22829082121446298,1.0
746,2,101,100,0.16960491697951308,1.0
747,2,102,92,-0.4436719421318389,1.0
748,2,102,101,0.39367194213183687,1.0
749,2,103,100,-1.1886769855163468,1.0
750,2,104,100,-0.5495046564786458,1.0
751,2,104,103,-0.3177393428428521,1.0
752,2,105,103,-0.4192896218926465,1.0
753,2,106,100,-0.5831016201810962,1.0
754,2,105,104,-0.4847312219174409,1.0
755,2,106,105,-0.08696109392289486,1.0
756,2,107,105,-0.2632575730764044,1.0
757,2,108,105,-0.23768446779401575,1.0
758,2,107,106,-0.23674242692359604,1.0
759,2,109,108,-0.2170259531594514,1.0
760,2,110,103,-0.5915491683109677,1.0
761,2,110,109,-0.13600726468179936,1.0
762,2,111,110,0.3599999999999999,1.0
763,2,112,110,-0.6800000000000006,1.0
764,2,113,17,-0.020428160506344994,1.0
765,2,113,32,-0.03957183949365439,1.0
766,2,114,32,-0.09336230843790538,1.0
767,2,115,27,-0.2066383917949799,1.0
768,2,115,114,-0.01336160820501675,1.0
769,2,116,68,-1.8399999999999963,1.0
770,2,117,12,-0.20000000000000018,1.0
771,2,118,75,-0.3985361690254212,1.0
772,2,118,76,0.06853616902542292,1.0
773,3,2,1,0.1100534466047538,1.0
774,3,3,1,0.1688567986003271,1.0
775,3,5,4,0.27492506939771033,1.0
776,3,5,3,0.17284474868736055,1.0
777,3,6,5,-0.013021118739402482,1.0
778,3,7,6,0.045016695223104364,1.0
779,3,9,8,0.24428906210135182,1.0
780,3,5,8,-0.9201407606344176,1.0
781,3,10,9,-0.510421515911375,1.0
782,3,11,4,0.013435916178488938,1.0
783,3,11,5,-0.006264039391751908,1.0
784,3,12,11,0.35125234183693266,1.0
785,3,12,2,0.19423143352417505,1.0
786,3,12,3,0.08856096182158968,1.0
787,3,12,7,0.057526334385361366,1.0
788,3,13,11,-0.12163644732712697,1.0
789,3,14,12,-0.041488616437783676,1.0
790,3,15,13,-0.020473475029001875,1.0
791,3,15,14,-0.07840393781361232,1.0
792,3,16,12,-0.06299780942048905,1.0
793,3,17,15,0.25357422333431145,1.0
794,3,17,16,-0.0028804430743267773,1.0
795,3,18,17,-0.22499581075992836,1.0
796,3,19,18,-0.156159133439143,1.0
797,3,20,19,-0.07866259580988277,1.0
798,3,19,15,-0.14095613219324576,1.0
799,3,21,20,-0.06056108246762193,1.0
800,3,22,21,0.01597295624843298,1.0
801,3,23,22,0.07516005170865903,1.0
802,3,24,23,-0.15732880158243034,1.0
803,3,25,23,0.38304359333567284,1.0
804,3,25,26,-0.18639298770449386,1.0
805,3,27,25,-0.1527034169905379,1.0
806,3,28,27,-0.004378846921756718,1.0
807,3,29,28,0.046374111435453,1.0
808,3,17,30,-0.7053759611632167,1.0
809,3,30,8,-0.7504515576268638,1.0
810,3,30,26,-0.3637030289475387,1.0
811,3,31,17,-0.14761638363294605,1.0
812,3,31,29,0.07914016608739516,1.0
813,3,32,23,-0.056196656639722065,1.0
814,3,32,31,-0.126453128210553,1.0
815,3,32,27,-0.021685632739046667,1.0
816,3,33,15,0.01991074206647614,1.0
817,3,34,19,0.04975447082170037,1.0
818,3,36,35,-0.06665451836667557,1.0
819,3,37,35,0.14828378640381246,1.0
820,3,37,33,0.07967108603407613,1.0
821,3,36,34,-0.12254912229315096,1.0
822,3,37,34,0.38184930258904615,1.0
823,3,37,38,-0.8651813869501552,1.0
824,3,39,37,-0.031232126659272552,1.0
825,3,40,37,0.02151607892004126,1.0
826,3,38,30,-0.5503696191835523,1.0
827,3,40,39,0.06915880928899476,1.0
828,3,41,40,-0.021908788561038506,1.0
829,3,42,40,0.023216286697198107,1.0
830,3,42,41,0.05256938653145671,1.0
831,3,44,43,-0.041264877129765676,1.0
832,3,43,34,-0.05989760344312245,1.0
833,3,45,44,-0.0696680322576615,1.0
834,3,46,45,0.019094625840155643,1.0
835,3,47,46,-0.007898326191570604,1.0
836,3,48,46,0.014190245546118696,1.0
837,3,49,47,0.09270303683930692,1.0
838,3,49,42,0.007406686388923944,1.0
839,3,49,45,0.02160441536519908,1.0
840,3,49,48,-0.03924844913199976,1.0
841,3,50,49,-0.13138880576206446,1.0
842,3,51,49,-0.17401343288972804,1.0
843,3,52,51,-0.06993444224010403,1.0
844,3,53,52,-0.054480262186057615,1.0
845,3,54,53,0.029941191022212266,1.0
846,3,54,49,-0.2938330729399903,1.0
847,3,55,54,-0.032496385984376985,1.0
848,3,56,54,-0.049730882870846926,1.0
849,3,56,55,0.05564297409499375,1.0
850,3,57,56,0.07488640351565401,1.0
851,3,57,50,-0.10488640351565337,1.0
852,3,58,56,0.015305906470267416,1.0
853,3,58,51,-0.04530590647026678,1.0
854,3,59,54,0.04258127456030092,1.0
855,3,59,56,0.021204711682170085,1.0
856,3,59,55,0.058795131511828025,1.0
857,3,60,59,-0.04404218918747915,1.0
858,3,61,59,-0.04625128773689635,1.0
859,3,61,60,-0.08226328544932926,1.0
860,3,62,60,0.05737311568616832,1.0
861,3,62,61,0.13197954455432992,1.0
862,3,59,63,-0.5702868784065771,1.0
863,3,64,63,0.5250602806999964,1.0
864,3,61,64,-0.13686279275104596,1.0
865,3,65,38,-0.09122047732351923,1.0
866,3,65,64,0.4006241860637232,1.0
867,3,66,49,0.1665711476750431,1.0
868,3,66,62,0.14675111520664075,1.0
869,3,67,62,0.12146163972880508,1.0
870,3,66,65,-0.7055483393805666,1.0
871,3,67,66,-0.19146163972880714,1.0
872,3,68,65,-0.41849080304614006,1.0
873,3,69,47,-0.10061548314208713,1.0
874,3,69,49,-0.12053841886819194,1.0
875,3,69,68,-1.0364892500533287,1.0
876,3,70,69,-0.13994942867811577,1.0
877,3,70,24,-0.0680195065140663,1.0
878,3,71,70,0.11676437253321836,1.0
879,3,72,24,-0.07980658300990306,1.0
880,3,72,71,-0.03149547753118309,1.0
881,3,73,71,0.09651292079548668,1.0
882,3,74,70,-0.15423389366846862,1.0
883,3,75,70,-0.13169762287681408,1.0
884,3,75,69,-0.1832328408479782,1.0
885,3,75,74,0.06442762399870361,1.0
886,3,77,76,0.2438730119290069,1.0
887,3,77,69,-0.1384005527933887,1.0
888,3,77,75,0.07369560384984464,1.0
889,3,78,77,-0.07634343623776374,1.0
890,3,79,78,0.1794843294224293,1.0
891,3,80,77,0.5810206891820151,1.0
892,3,80,79,0.310793127158437,1.0
893,3,81,68,-0.7554542452616175,1.0
894,3,80,81,-0.7304688206279799,1.0
895,3,82,77,-0.25004989421464785,1.0
896,3,83,82,-0.2714069730003388,1.0
897,3,84,83,-0.160523265271177,1.0
898,3,85,83,-0.12394550969018248,1.0
899,3,85,84,-0.09302617675323077,1.0
900,3,86,85,0.0509096647023517,1.0
901,3,87,86,0.11021607354416929,1.0
902,3,88,85,-0.07514284662024906,1.0
903,3,89,85,0.03734597026612896,1.0
904,3,89,88,0.07702680297122377,1.0
905,3,90,89,0.12824074143779107,1.0
906,3,91,90,-0.06511277002203286,1.0
907,3,92,89,0.32113631985378177,1.0
908,3,92,91,0.058848494867195456,1.0
909,3,93,92,0.11271285733504399,1.0
910,3,94,92,0.1464065908838732,1.0
911,3,94,93,0.1817230857004457,1.0
912,3,95,94,-0.09735637592596902,1.0
913,3,96,80,-0.2435880447424923,1.0
914,3,96,82,0.0170232470156364,1.0
915,3,96,94,0.0748880889316279,1.0
916,3,97,80,-0.26915942147659777,1.0
917,3,98,80,-0.10449932233155579,1.0
918,3,99,80,-0.12963828620027407,1.0
919,3,100,92,0.1430054780597514,1.0
920,3,100,94,0.44086772236741467,1.0
921,3,96,95,0.20069491291548758,1.0
922,3,97,96,0.17915942147659614,1.0
923,3,100,98,-0.07314198236479186,1.0
924,3,100,99,0.027760008806206216,1.0
925,3,101,100,-0.2410970935980581,1.0
926,3,102,92,0.07152230767223955,1.0
927,3,102,101,-0.10152230767223713,1.0
928,3,103,100,0.06862003073688783,1.0
929,3,104,100,-0.09337158077019936,1.0
930,3,104,103,-0.1026031653625834,1.0
931,3,105,103,-0.08134864280775478,1.0
932,3,106,100,-0.07054941159232486,1.0
933,3,105,104,-0.02566717465819579,1.0
934,3,106,105,-0.05209177679956589,1.0
935,3,107,105,-0.005623900310639307,1.0
936,3,108,105,0.09920105870688545,1.0
937,3,107,106,0.005633154968295528,1.0
938,3,109,108,0.1039061946710973,1.0
939,3,110,103,-0.011737298810930774,1.0
940,3,110,109,0.11769156381065571,1.0
941,3,111,110,-0.018438247849232425,1.0
942,3,112,110,0.28511693396859883,1.0
943,3,113,17,-0.06801534881710936,1.0
944,3,113,32,0.12909895281249462,1.0
945,3,114,32,-0.0388468913083031,1.0
946,3,115,27,-0.058609450098908056,1.0
947,3,115,114,-0.011390549901094005,1.0
948,3,116,68,0.5132367413825705,1.0
949,3,117,12,-0.08000000000000096,1.0
950,3,118,75,-0.2356410649444598,1.0
951,3,118,76,0.0856410649444701,1.0
952,4,1,-1,0.955,1.0
953,4,2,-1,0.9713927558874855,1.0
954,4,3,-1,0.9676918638400687,1.0
955,4,4,-1,0.998,1.0
956,4,5,-1,1.001984321378697,1.0
957,4,6,-1,0.99,1.0
958,4,7,-1,0.9893278532475172,1.0
959,4,8,-1,1.015,1.0
960,4,9,-1,1.0429182051130947,1.0
961,4,10,-1,1.05,1.0
962,4,11,-1,0.9850888680983632,1.0
963,4,12,-1,0.99,1.0
964,4,13,-1,0.968302688081993,1.0
965,4,14,-1,0.9835912893204477,1.0
966,4,15,-1,0.97,1.0
967,4,16,-1,0.9839121384381723,1.0
968,4,17,-1,0.9951347432301543,1.0
969,4,18,-1,0.973,1.0
970,4,19,-1,0.963,1.0
971,4,20,-1,0.9577563557120858,1.0
972,4,21,-1,0.9584112916091203,1.0
973,4,22,-1,0.9695413064355528,1.0
974,4,23,-1,0.9997152727191678,1.0
975,4,24,-1,0.992,1.0
976,4,25,-1,1.05,1.0
977,4,26,-1,1.015,1.0
978,4,27,-1,0.968,1.0
979,4,28,-1,0.9615681955216089,1.0
980,4,29,-1,0.9632160185178964,1.0
981,4,30,-1,0.9855330731216155,1.0
982,4,31,-1,0.967,1.0
983,4,32,-1,0.964,1.0
984,4,33,-1,0.9716069019168091,1.0
985,4,34,-1,0.986,1.0
986,4,35,-1,0.9806954007342406,1.0
987,4,36,-1,0.98,1.0
988,4,37,-1,0.9920798941327594,1.0
989,4,38,-1,0.9620360414122905,1.0
990,4,39,-1,0.9704888419615146,1.0
991,4,40,-1,0.97,1.0
992,4,41,-1,0.9668331958011968,1.0
993,4,42,-1,0.985,1.0
994,4,43,-1,0.9785822183470502,1.0
995,4,44,-1,0.9850507557201632,1.0
996,4,45,-1,0.986674316438334,1.0
997,4,46,-1,1.005,1.0
998,4,47,-1,1.0170541430625801,1.0
999,4,48,-1,1.0206334139426094,1.0
1000,4,49,-1,1.025,1.0
1001,4,50,-1,1.0010822862446398,1.0
1002,4,51,-1,0.9668758435134948,1.0
1003,4,52,-1,0.956817080107066,1.0
1004,4,53,-1,0.9459824412220557,1.0
1005,4,54,-1,0.955,1.0
1006,4,55,-1,0.952,1.0
1007,4,56,-1,0.954,1.0
1008,4,57,-1,0.9705820456595232,1.0
1009,4,58,-1,0.9590381310717228,1.0
1010,4,59,-1,0.985,1.0
1011,4,60,-1,0.9931562759734834,1.0
1012,4,61,-1,0.995,1.0
1013,4,62,-1,0.998,1.0
1014,4,63,-1,0.9687380015048314,1.0
1015,4,64,-1,0.9837393835972438,1.0
1016,4,65,-1,1.005,1.0
1017,4,66,-1,1.05,1.0
1018,4,67,-1,1.019681599039336,1.0
1019,4,68,-1,1.0032493721904947,1.0
1020,4,69,-1,1.035,1.0
1021,4,70,-1,0.984,1.0
1022,4,71,-1,0.9868445626239489,1.0
1023,4,72,-1,0.98,1.0
1024,4,73,-1,0.991,1.0
1025,4,74,-1,0.958,1.0
1026,4,75,-1,0.9673327343808967,1.0
1027,4,76,-1,0.943,1.0
1028,4,77,-1,1.006,1.0
1029,4,78,-1,1.0034238326922116,1.0
1030,4,79,-1,1.0092229715646674,1.0
1031,4,80,-1,1.04,1.0
1032,4,81,-1,0.9968078603292924,1.0
1033,4,82,-1,0.9888057885040898,1.0
1034,4,83,-1,0.98456622192562,1.0
1035,4,84,-1,0.9797675891438022,1.0
1036,4,85,-1,0.985,1.0
1037,4,86,-1,0.9866907463849477,1.0
1038,4,87,-1,1.015,1.0
1039,4,88,-1,0.9874579779858549,1.0
1040,4,89,-1,1.005,1.0
1041,4,90,-1,0.985,1.0
1042,4,91,-1,0.98,1.0
1043,4,92,-1,0.993,1.0
1044,4,93,-1,0.9873740083164948,1.0
1045,4,94,-1,0.9908102878692575,1.0
1046,4,95,-1,0.981114407112886,1.0
1047,4,96,-1,0.9927954398553169,1.0
1048,4,97,-1,1.011431048320478,1.0
1049,4,98,-1,1.02350951485719,1.0
1050,4,99,-1,1.01,1.0
1051,4,100,-1,1.017,1.0
1052,4,101,-1,0.9927575700247327,1.0
1053,4,102,-1,0.9915941860535045,1.0
1054,4,103,-1,1.001,1.0
1055,4,104,-1,0.971,1.0
1056,4,105,-1,0.965,1.0
1057,4,106,-1,0.9611361138232085,1.0
1058,4,107,-1,0.952,1.0
1059,4,108,-1,0.9662119086666242,1.0
1060,4,109,-1,0.9670256739599337,1.0
1061,4,110,-1,0.973,1.0
1062,4,111,-1,0.98,1.0
1063,4,112,-1,0.975,1.0
1064,4,113,-1,0.993,1.0
1065,4,114,-1,0.9606761164706278,1.0
1066,4,115,-1,0.9605345711932353,1.0
1067,4,116,-1,1.005,1.0
1068,4,117,-1,0.9738244468092152,1.0
1069,4,118,-1,0.9494381058595354,1.0
1070,5,1,-1,0.19168379358978557,1.0
1071,5,2,-1,0.2011091534729823,1.0
1072,5,3,-1,0.20710125395193507,1.0
1073,5,4,-1,0.2719831039620194,1.0
1074,5,5,-1,0.2797499956609559,1.0
1075,5,6,-1,0.23215790680573772,1.0
1076,5,7,-1,0.22440259716556063,1.0
1077,5,8,-1,0.3673745648753591,1.0
1078,5,9,-1,0.49398258266049355,1.0
1079,5,10,-1,0.6262944075859215,1.0
1080,5,11,-1,0.22717092498976685,1.0
1081,5,12,-1,0.2181522753353518,1.0
1082,5,13,-1,0.20317379564457266,1.0
1083,5,14,-1,0.20565209658412414,1.0
1084,5,15,-1,0.20052424352408818,1.0
1085,5,16,-1,0.21289127509265118,1.0
1086,5,17,-1,0.24444805537233308,1.0
1087,5,18,-1,0.20582156205177898,1.0
1088,5,19,-1,0.19746824488238618,1.0
1089,5,20,-1,0.21278835336136875,1.0
1090,5,21,-1,0.2404828900941837,1.0
1091,5,22,-1,0.28504247217563045,1.0
1092,5,23,-1,0.37086742586824745,1.0
1093,5,24,-1,0.36857465681637475,1.0
1094,5,25,-1,0.4919039858687356,1.0
1095,5,26,-1,0.5229809192215444,1.0
1096,5,27,-1,0.2725039117253919,1.0
1097,5,28,-1,0.2424092766557463,1.0
1098,5,29,-1,0.22509502326908065,1.0
1099,5,30,-1,0.3323082430509363,1.0
1100,5,31,-1,0.22713677383804065,1.0
1101,5,32,-1,0.26274699101968496,1.0
1102,5,33,-1,0.18961326846992924,1.0
1103,5,34,-1,0.20080031277551239,1.0
1104,5,35,-1,0.1933823853679497,1.0
1105,5,36,-1,0.19346489996475802,1.0
1106,5,37,-1,0.20890614161438434,1.0
1107,5,38,-1,0.2985599500343292,1.0
1108,5,39,-1,0.1500689410891253,1.0
1109,5,40,-1,0.13133681306418676,1.0
1110,5,41,-1,0.12354892381823325,1.0
1111,5,42,-1,0.15138970519196818,1.0
1112,5,43,-1,0.2000039174762458,1.0
1113,5,44,-1,0.24339219122049113,1.0
1114,5,45,-1,0.27534715398206266,1.0
1115,5,46,-1,0.32432402183077563,1.0
1116,5,47,-1,0.36311253950712624,1.0
1117,5,48,-1,0.3495027659753068,1.0
1118,5,49,-1,0.3670097186915522,1.0
1119,5,50,-1,0.331421087840188,1.0
1120,5,51,-1,0.2857095627605357,1.0
1121,5,52,-1,0.2690689315487711,1.0
1122,5,53,-1,0.25205210587162147,1.0
1123,5,54,-1,0.2679641171582601,1.0
1124,5,55,-1,0.2629037658023893,1.0
1125,5,56,-1,0.2661624794771517,1.0
1126,5,57,-1,0.2871904751059959,1.0
1127,5,58,-1,0.2722360467064836,1.0
1128,5,59,-1,0.3395094528174374,1.0
1129,5,60,-1,0.40550493033679214,1.0
1130,5,61,-1,0.4210612480386503,1.0
1131,5,62,-1,0.41030091349372194,1.0
1132,5,63,-1,0.3984750605861302,1.0
1133,5,64,-1,0.42929232566244063,1.0
1134,5,65,-1,0.48383501941747664,1.0
1135,5,66,-1,0.4810626981987698,1.0
1136,5,67,-1,0.434987022578479,1.0
1137,5,68,-1,0.48172102254250865,1.0
1138,5,69,-1,0.5235987755982988,1.0
1139,5,70,-1,0.3947942866669838,1.0
1140,5,71,-1,0.38762336307433576,1.0
1141,5,72,-1,0.36846732361784595,1.0
1142,5,73,-1,0.38393211541767763,1.0
1143,5,74,-1,0.37823359607218193,1.0
1144,5,75,-1,0.4002559567112683,1.0
1145,5,76,-1,0.3805342351618456,1.0
1146,5,77,-1,0.4669957416797309,1.0
1147,5,78,-1,0.4616925195946974,1.0
1148,5,79,-1,0.46691375271333957,1.0
1149,5,80,-1,0.5061060368496937,1.0
1150,5,81,-1,0.4913014259719363,1.0
1151,5,82,-1,0.4760512695577259,1.0
1152,5,83,-1,0.49680592404132956,1.0
1153,5,84,-1,0.5409995726085304,1.0
1154,5,85,-1,0.5681126217141954,1.0
1155,5,86,-1,0.5442112324144238,1.0
1156,5,87,-1,0.5487353428983314,1.0
1157,5,88,-1,0.6227322903334779,1.0
1158,5,89,-1,0.693494683905529,1.0
1159,5,90,-1,0.5817365567160799,1.0
1160,5,91,-1,0.5821033707758559,1.0
1161,5,92,-1,0.5906380324238791,1.0
1162,5,93,-1,0.5382016186971695,1.0
1163,5,94,-1,0.5006802611671597,1.0
1164,5,95,-1,0.48373317989970693,1.0
1165,5,96,-1,0.48082332718521653,1.0
1166,5,97,-1,0.4873472680921384,1.0
1167,5,98,-1,0.479030353301246,1.0
1168,5,99,-1,0.4727191029049012,1.0
1169,5,100,-1,0.49010687490988264,1.0
1170,5,101,-1,0.5174813945980354,1.0
1171,5,102,-1,0.5644638811397781,1.0
1172,5,103,-1,0.4272638959980109,1.0
1173,5,104,-1,0.37946370391365736,1.0
1174,5,105,-1,0.3601316006834238,1.0
1175,5,106,-1,0.35568928690509233,1.0
1176,5,107,-1,0.3067561556881216,1.0
1177,5,108,-1,0.33919148596925747,1.0
1178,5,109,-1,0.3312942979524465,1.0
1179,5,110,-1,0.31651943209831407,1.0
1180,5,111,-1,0.34523151022300974,1.0
1181,5,112,-1,0.26242788120606514,1.0
1182,5,113,-1,0.24441923682873537,1.0
1183,5,114,-1,0.2570339650678785,1.0
1184,5,115,-1,0.25690859059433285,1.0
1185,5,116,-1,0.47412904144311624,1.0
1186,5,117,-1,0.19125674530270395,1.0
1187,5,118,-1,0.3830178432314411,1.0
1188,8,1,2,-0.1530276473880292,1.0
1189,8,1,3,-0.43127691111230604,1.0
1190,8,4,5,-1.0682952769382972,1.0
1191,8,3,5,-0.7195182984538642,1.0
1192,8,5,6,0.8598045977000215,1.0
1193,8,6,7,0.3381325183923689,1.0
1194,8,8,9,-4.369086684117783,1.0
1195,8,8,5,3.5530040068727704,1.0
1196,8,9,10,-3.8699849665266908,1.0
1197,8,4,11,0.6191847624572073,1.0
1198,8,5,11,0.7487516143686048,1.0
1199,8,11,12,0.2587513461130069,1.0
1200,8,2,12,-0.3685005619992907,1.0
1201,8,3,12,-0.12535547721062223,1.0
1202,8,7,12,0.14763146415123618,1.0
1203,8,11,13,0.3728756032856313,1.0
1204,8,12,14,0.18608753504834485,1.0
1205,8,13,15,-0.0004595940123266473,1.0
1206,8,14,15,0.04844441920883136,1.0
1207,8,12,16,0.08334431067276293,1.0
1208,8,15,17,-1.0981406836501204,1.0
1209,8,16,17,-0.18196431399426571,1.0
1210,8,17,18,0.8429413308351545,1.0
1211,8,18,19,0.22612455749777371,1.0
1212,8,19,20,-0.09744438409368161,1.0
1213,8,15,19,0.1428223592090836,1.0
1214,8,20,21,-0.2819310602902201,1.0
1215,8,21,22,-0.4390333424877597,1.0
1216,8,22,23,-0.5463536524600843,1.0
1217,8,23,24,0.11695089620253007,1.0
1218,8,23,25,-1.6098143663922064,1.0
1219,8,26,25,0.876956942288432,1.0
1220,8,25,27,1.3396054812127378,1.0
1221,8,27,28,0.32522883599099117,1.0
1222,8,28,29,0.14143537027702813,1.0
1223,8,30,17,2.525213160113257,1.0
1224,8,8,30,0.7805986218135332,1.0
1225,8,26,30,1.8517845928309857,1.0
1226,8,17,31,0.172013532435489,1.0
1227,8,29,31,-0.10540802256316084,1.0
1228,8,23,32,0.8832005598739645,1.0
1229,8,31,32,-0.2745407377306899,1.0
1230,8,27,32,0.12559277467770968,1.0
1231,8,15,33,0.06287611760695322,1.0
1232,8,19,34,-0.05932897476726562,1.0
1233,8,35,36,0.019160953023725114,1.0
1234,8,35,37,-0.3670211361152109,1.0
1235,8,33,37,-0.18105118110450014,1.0
1236,8,34,36,0.32678425987547577,1.0
1237,8,34,37,-1.0174031267772072,1.0
1238,8,38,37,2.7636965945947294,1.0
1239,8,37,39,0.5499566755197312,1.0
1240,8,37,40,0.4288814987631897,1.0
1241,8,30,38,0.6596098294414872,1.0
1242,8,39,40,0.26266381484320256,1.0
1243,8,40,41,0.16017262164995305,1.0
1244,8,40,42,-0.12899143560713133,1.0
1245,8,41,42,-0.23084509762491767,1.0
1246,8,43,44,-0.16798624316528765,1.0
1247,8,34,43,0.018234641095215665,1.0
1248,8,44,45,-0.3083587981808211,1.0
1249,8,45,46,-0.36346031507836507,1.0
1250,8,46,47,-0.29719420589595336,1.0
1251,8,46,48,-0.1576966806185034,1.0
1252,8,47,49,-0.12563789678348503,1.0
1253,8,42,49,-1.284719197006273,1.0
1254,8,45,49,-0.4899547581682733,1.0
1255,8,48,49,-0.3104816571368696,1.0
1256,8,49,50,0.5357117563042411,1.0
1257,8,49,51,0.6783711407182689,1.0
1258,8,51,52,0.3016275276357847,1.0
1259,8,52,53,0.11005859358292058,1.0
1260,8,53,54,-0.14444442252735756,1.0
1261,8,49,54,0.7727066294367955,1.0
1262,8,54,55,0.07548336281411139,1.0
1263,8,54,56,0.1991995709960328,1.0
1264,8,55,56,-0.23323089435499966,1.0
1265,8,56,57,-0.25763899405819446,1.0
1266,8,50,57,0.3686338097235944,1.0
1267,8,56,58,-0.07764647067562658,1.0
1268,8,51,58,0.19567677222093494,1.0
1269,8,54,59,-0.32752539677466963,1.0
1270,8,56,59,-0.6013986036691512,1.0
1271,8,55,59,-0.3725840213588987,1.0
1272,8,59,60,-0.40253946145303443,1.0
1273,8,59,61,-0.4780367916598085,1.0
1274,8,60,61,-1.0029893478308551,1.0
1275,8,60,62,-0.11961727582270143,1.0
1276,8,61,62,0.17685726281397685,1.0
1277,8,63,59,1.7140501002577118,1.0
1278,8,63,64,-1.714050100257714,1.0
1279,8,64,61,0.3412819870463579,1.0
1280,8,38,65,-1.976540711914267,1.0
1281,8,64,65,-1.970515087875011,1.0
1282,8,49,66,-2.3771667601925905,1.0
1283,8,62,66,-0.41049951812301344,1.0
1284,8,62,67,-0.2809496140648826,1.0
1285,8,65,66,0.40890105803416965,1.0
1286,8,66,67,0.5337939967712337,1.0
1287,8,65,68,0.02094874616783393,1.0
1288,8,47,69,-0.4732896810004582,1.0
1289,8,49,69,-0.3863014264706699,1.0
1290,8,68,69,-0.5890010798258807,1.0
1291,8,69,70,0.9842533506400506,1.0
1292,8,24,70,-0.06917962822976943,1.0
1293,8,70,71,0.10778237503212473,1.0
1294,8,24,72,0.025866037903217398,1.0
1295,8,71,72,0.09580670885329634,1.0
1296,8,71,73,0.015274667648627283,1.0
1297,8,70,74,0.20238716760254905,1.0
1298,8,70,75,0.0375421186905609,1.0
1299,8,69,75,1.019174434756244,1.0
1300,8,74,75,-0.5282388607180692,1.0
1301,8,76,77,-0.6851128262090784,1.0
1302,8,69,77,0.5525492939321848,1.0
1303,8,75,77,-0.36818744188512964,1.0
1304,8,77,78,0.43233481520628914,1.0
1305,8,78,79,-0.31089719556037565,1.0
1306,8,77,80,-1.5108374425552498,1.0
1307,8,79,80,-0.7049187958422225,1.0
1308,8,68,81,-0.4126291827415294,1.0
1309,8,81,80,-0.034857552757111776,1.0
1310,8,77,82,0.0499099444899298,1.0
1311,8,82,83,-0.3093110019817775,1.0
1312,8,83,84,-0.14928774338182782,1.0
1313,8,83,85,-0.32257672759858536,1.0
1314,8,84,85,-0.2697576992996735,1.0
1315,8,85,86,0.10678586064113427,1.0
1316,8,86,87,-0.11340945738017683,1.0
1317,8,85,88,-0.38915958172471554,1.0
1318,8,85,89,-0.605311019024199,1.0
1319,8,88,89,-0.8278148667671528,1.0
1320,8,89,90,1.2277099680606827,1.0
1321,8,90,91,0.03556302232355435,1.0
1322,8,89,92,1.9363140904678282,1.0
1323,8,91,92,-0.12453313600925342,1.0
1324,8,92,93,0.42428881277193087,1.0
1325,8,92,94,0.35865850580766323,1.0
1326,8,93,94,0.2951394365664619,1.0
1327,8,94,95,0.4087206110516233,1.0
1328,8,80,96,0.25606082727481494,1.0
1329,8,82,96,-0.12364644478672915,1.0
1330,8,94,96,0.13124561990907946,1.0
1331,8,80,97,0.34059544138524256,1.0
1332,8,80,98,0.2815619460013956,1.0
1333,8,80,99,0.2019410351786608,1.0
1334,8,92,100,0.17561814822682265,1.0
1335,8,94,100,-0.19921273693594355,1.0
1336,8,95,96,-0.11202786781521024,1.0
1337,8,96,97,-0.19149927751455342,1.0
1338,8,98,100,-0.03530869984332363,1.0
1339,8,99,100,-0.22103563531855253,1.0
1340,8,100,101,-0.044239633969585856,1.0
1341,8,92,102,0.33150812305891453,1.0
1342,8,101,102,-0.29566939791082647,1.0
1343,8,100,103,1.0283848665502786,1.0
1344,8,100,104,0.538599995901794,1.0
1345,8,103,104,0.3273320480796891,1.0
1346,8,103,105,0.4209318735354277,1.0
1347,8,100,106,0.5690505729906016,1.0
1348,8,104,105,0.4760124200179021,1.0
1349,8,105,106,0.09884981300485896,1.0
1350,8,105,107,0.2505960670263243,1.0
1351,8,105,108,0.19171999307068965,1.0
1352,8,106,107,0.220600061523768,1.0
1353,8,108,109,0.17485582386441045,1.0
1354,8,103,110,0.56497612739424,1.0
1355,8,109,110,0.08895263328648806,1.0
1356,8,110,111,-0.3456503321285398,1.0
1357,8,110,112,0.5804647013007624,1.0
1358,8,17,113,0.03468838997155288,1.0
1359,8,32,113,-0.005503585763434238,1.0
1360,8,32,114,0.10024487118258918,1.0
1361,8,27,115,0.21859678245103797,1.0
1362,8,114,115,0.015793385776113666,1.0
1363,8,68,116,1.31998710484158,1.0
1364,8,12,117,0.21009833640695663,1.0
1365,8,75,118,0.47771537403245556,1.0
1366,8,76,118,-0.10544624071866426,1.0
1367,9,1,2,0.10939571234005452,1.0
1368,9,1,3,0.09831556533501762,1.0
1369,9,4,5,-0.0192401564050515,1.0
1370,9,3,5,0.0018369541235192521,1.0
1371,9,5,6,0.20434646979724325,1.0
1372,9,6,7,0.12943321601828917,1.0
1373,9,8,9,-0.734140731801548,1.0
1374,9,8,5,0.050707223913669,1.0
1375,9,9,10,-1.8180029670252438,1.0
1376,9,4,11,0.17491068805949062,1.0
1377,9,5,11,0.18426641314892378,1.0
1378,9,11,12,0.425851350597914,1.0
1379,9,2,12,0.1350566562618959,1.0
1380,9,3,12,0.10454304353843386,1.0
1381,9,7,12,0.10110456116817912,1.0
1382,9,11,13,-0.032732921707486096,1.0
1383,9,12,14,0.014034604332535894,1.0
1384,9,13,15,0.040356737601149245,1.0
1385,9,14,15,-0.02259747729129402,1.0
1386,9,12,16,-0.025881924105440768,1.0
1387,9,15,17,0.03364654163031844,1.0
1388,9,16,17,-0.0008588329094270097,1.0
1389,9,17,18,-0.04719385281193322,1.0
1390,9,18,19,-0.1088573482102484,1.0
1391,9,19,20,-0.07580315443439645,1.0
1392,9,15,19,-0.11074243882054713,1.0
1393,9,20,21,-0.11289514891757857,1.0
1394,9,21,22,-0.08678012170662697,1.0
1395,9,22,23,-0.08918684997278031,1.0
1396,9,23,24,-0.07168219106492635,1.0
1397,9,23,25,-0.34862255107012485,1.0
1398,9,26,25,0.2601183355782979,1.0
1399,9,25,27,0.3930667731146728,1.0
1400,9,27,28,0.09719099897242245,1.0
1401,9,28,29,0.10527224095457832,1.0
1402,9,30,17,-0.13110229051470412,1.0
1403,9,8,30,0.007574843423663324,1.0
1404,9,26,30,1.2006332496184458,1.0
1405,9,17,31,-0.07674809905046415,1.0
1406,9,29,31,0.06785751169025445,1.0
1407,9,23,32,0.2960935548924335,1.0
1408,9,31,32,-0.18459188746579192,1.0
1409,9,27,32,0.029751042702280572,1.0
1410,9,15,33,0.06450609482372194,1.0
1411,9,19,34,0.10227067301492304,1.0
1412,9,35,36,-0.06287662069997424,1.0
1413,9,35,37,0.08827003744954831,1.0
1414,9,33,37,0.08043998901722521,1.0
1415,9,34,36,-0.0577158692883426,1.0
1416,9,34,37,0.1877117067687024,1.0
1417,9,38,37,-0.36754298310906464,1.0
1418,9,37,39,0.07738134581246353,1.0
1419,9,37,40,0.12052669853599601,1.0
1420,9,30,38,0.03426661950985449,1.0
1421,9,39,40,0.12180194466365724,1.0
1422,9,40,41,0.00898081547263041,1.0
1423,9,40,42,0.050237921305377825,1.0
1424,9,41,42,0.052723822360899064,1.0
1425,9,43,44,-0.02351970285567828,1.0
1426,9,34,43,-0.016401149080599642,1.0
1427,9,44,45,-0.1375495351482815,1.0
1428,9,45,46,-0.06728948069119223,1.0
1429,9,46,47,-0.08706549158030052,1.0
1430,9,46,48,0.00819613402394992,1.0
1431,9,47,49,0.06614181500929672,1.0
1432,9,42,49,-0.30304764231074677,1.0
1433,9,45,49,-0.11802360328953299,1.0
1434,9,48,49,-0.14659665550565126,1.0
1435,9,49,50,0.06561601535440209,1.0
1436,9,49,51,0.04712976521193368,1.0
1437,9,51,52,0.021284415409794866,1.0
1438,9,52,53,0.008737582569696645,1.0
1439,9,53,54,0.023406361180182023,1.0
1440,9,49,54,0.0434229189976178,1.0
1441,9,54,55,0.00491152171626319,1.0
1442,9,54,56,0.007518534133543753,1.0
1443,9,55,56,0.0005630524392028491,1.0
1444,9,56,57,0.028635339542521843,1.0
1445,9,50,57,0.03030802156566148,1.0
1446,9,56,58,0.018926169785309477,1.0
1447,9,51,58,0.02345438376975073,1.0
1448,9,54,59,-0.00839027202474929,1.0
1449,9,56,59,-0.07610932312624996,1.0
1450,9,55,59,-0.010378906383085251,1.0
1451,9,59,60,-0.18064092134858079,1.0
1452,9,59,61,-0.2230006674428745,1.0
1453,9,60,61,-0.5239159099017421,1.0
1454,9,60,62,0.026597057658344525,1.0
1455,9,61,62,0.2317939110845808,1.0
1456,9,63,59,-0.03422824677183911,1.0
1457,9,63,64,0.03422824677183667,1.0
1458,9,64,61,-0.00016796874688651542,1.0
1459,9,38,65,0.011228984969774591,1.0
1460,9,64,65,-0.15863395760356624,1.0
1461,9,49,66,-1.00398024035299,1.0
1462,9,62,66,0.01007443657803353,1.0
1463,9,62,67,0.03528024558261367,1.0
1464,9,65,66,-0.597241322687335,1.0
1465,9,66,67,0.07157922290503216,1.0
1466,9,65,68,0.26314761151010435,1.0
1467,9,47,69,-0.3020182425908804,1.0
1468,9,49,69,-0.25963227686866414,1.0
1469,9,68,69,-1.576810760026195,1.0
1470,9,69,70,0.3888877448140535,1.0
1471,9,24,70,0.005422727364113684,1.0
1472,9,70,71,0.18115315266066645,1.0
1473,9,24,72,-0.0257288078413338,1.0
1474,9,71,72,0.04938388292405349,1.0
1475,9,71,73,0.12377096597852044,1.0
1476,9,70,74,-0.057630706479205984,1.0
1477,9,70,75,-0.09380735928310469,1.0
1478,9,69,75,0.3598000363352899,1.0
1479,9,74,75,-0.14036885813710853,1.0
1480,9,76,77,-0.033851049952639434,1.0
1481,9,69,77,0.24305252071791483,1.0
1482,9,75,77,-0.04865066062532997,1.0
1483,9,77,78,0.14431606653415052,1.0
1484,9,78,79,0.04974464738827811,1.0
1485,9,77,80,-0.11680202608991763,1.0
1486,9,79,80,-0.027136411910288816,1.0
1487,9,68,81,-0.16392579545119723,1.0
1488,9,81,80,-0.8781911382611511,1.0
1489,9,77,82,-0.1670571236576197,1.0
1490,9,82,83,-0.438665233354528,1.0
1491,9,83,84,-0.2512764549912312,1.0
1492,9,83,85,-0.3145809671294951,1.0
1493,9,84,85,-0.2698523867372429,1.0
1494,9,85,86,0.15673158322957392,1.0
1495,9,86,87,0.11013944139058135,1.0
1496,9,85,88,-0.33963028716684307,1.0
1497,9,85,89,-0.39425487118123015,1.0
1498,9,88,89,-0.5634156925429556,1.0
1499,9,89,90,1.1517503427112008,1.0
1500,9,90,91,-0.030963651708817208,1.0
1501,9,89,92,1.8030225849479034,1.0
1502,9,91,92,0.026668153894797042,1.0
1503,9,92,93,0.41136685122453476,1.0
1504,9,92,94,0.4105054560922382,1.0
1505,9,93,94,0.39171104466309004,1.0
1506,9,94,95,0.11499806223737252,1.0
1507,9,80,96,-0.08653521673644538,1.0
1508,9,82,96,0.01563069292112962,1.0
1509,9,94,96,0.17926967498921154,1.0
1510,9,80,97,-0.09118751035358175,1.0
1511,9,80,98,0.06443340832840083,1.0
1512,9,80,99,0.02194681300265805,1.0
1513,9,92,100,0.3067041344190294,1.0
1514,9,94,100,0.45377639098038447,1.0
1515,9,95,96,0.1859715710280585,1.0
1516,9,96,97,0.1262017022919968,1.0
1517,9,98,100,-0.045311151944074535,1.0
1518,9,99,100,-0.06217963445600794,1.0
1519,9,100,101,-0.2667078428061428,1.0
1520,9,92,102,0.31246958746722187,1.0
1521,9,101,102,-0.27388794604789446,1.0
1522,9,100,103,0.602925727472226,1.0
1523,9,100,104,0.16897688528571164,1.0
1524,9,103,104,0.05995555748243364,1.0
1525,9,103,105,0.11123207322110573,1.0
1526,9,100,106,0.19820635483073618,1.0
1527,9,104,105,0.16102039895297882,1.0
1528,9,105,106,-0.0063629556929789555,1.0
1529,9,105,107,0.12060324134115608,1.0
1530,9,105,108,0.1953968277348923,1.0
1531,9,106,107,0.12341542335694389,1.0
1532,9,108,109,0.18154219262732685,1.0
1533,9,103,110,0.22008404603566945,1.0
1534,9,109,110,0.17703223177963356,1.0
1535,9,110,111,-0.12355154136387947,1.0
1536,9,110,112,0.5212036511309959,1.0
1537,9,17,113,-0.05407319416067802,1.0
1538,9,32,113,0.18485350464919081,1.0
1539,9,32,114,0.000737488198240488,1.0
1540,9,27,115,0.013999783032935698,1.0
1541,9,114,115,-0.005370573564392522,1.0
1542,9,68,116,1.4364718404105599,1.0
1543,9,12,117,-0.007197320160385268,1.0
1544,9,75,118,-0.06272174969796884,1.0
1545,9,76,118,0.06859539268978132,1.0
1546,8,2,1,0.14825269058930246,1.0
1547,8,3,1,0.42921613547439197,1.0
1548,8,5,4,1.0677232703723583,1.0
1549,8,5,3,0.7127641549142951,1.0
1550,8,6,5,-0.8634012589303293,1.0
1551,8,7,6,-0.33936431615949125,1.0
1552,8,9,8,3.869984966526716,1.0
1553,8,5,8,-3.499708946769678,1.0
1554,8,10,9,3.1873724783101314,1.0
1555,8,11,4,-0.6234670880961097,1.0
1556,8,11,5,-0.7530838139778537,1.0
1557,8,12,11,-0.2598460211813869,1.0
1558,8,12,2,0.36529129587691855,1.0
1559,8,12,3,0.11696665570144749,1.0
1560,8,12,7,-0.1495298400911036,1.0
1561,8,13,11,-0.3767893776388491,1.0
1562,8,14,12,-0.18985679386842547,1.0
1563,8,15,13,-0.011718835792622118,1.0
1564,8,15,14,-0.058335385777229964,1.0
1565,8,16,12,-0.08786130957071059,1.0
1566,8,17,15,1.0885047528611391,1.0
1567,8,17,16,0.17150888260613928,1.0
1568,8,18,17,-0.8457949627661865,1.0
1569,8,19,18,-0.22833879212027508,1.0
1570,8,20,19,0.09161560270426916,1.0
1571,8,19,15,-0.14475214640385925,1.0
1572,8,21,20,0.27728132219901713,1.0
1573,8,22,21,0.43287227646299975,1.0
1574,8,23,22,0.5335275794679386,1.0
1575,8,24,23,-0.1348720416782223,1.0
1576,8,25,23,1.5727383525464882,1.0
1577,8,25,26,-0.8418786645968925,1.0
1578,8,27,25,-1.4063244970206954,1.0
1579,8,28,27,-0.3305353954363537,1.0
1580,8,29,28,-0.14674045863933705,1.0
1581,8,17,30,-2.424204633708725,1.0
1582,8,30,8,-0.9569161171416514,1.0
1583,8,30,26,-2.227906872412966,1.0
1584,8,31,17,-0.18116261976836667,1.0
1585,8,31,29,0.10361212509341478,1.0
1586,8,32,23,-0.9191356869572536,1.0
1587,8,32,31,0.2686655638267985,1.0
1588,8,32,27,-0.13051288616865486,1.0
1589,8,33,15,-0.06888619086521919,1.0
1590,8,34,19,0.04714433866187617,1.0
1591,8,36,35,-0.01966597822040228,1.0
1592,8,37,35,0.3644232475488276,1.0
1593,8,37,33,0.17393476859128776,1.0
1594,8,36,34,-0.3278778767691968,1.0
1595,8,37,34,1.0154232761021191,1.0
1596,8,37,38,-2.5840563159460714,1.0
1597,8,39,37,-0.5546930370216896,1.0
1598,8,40,37,-0.43586984033720433,1.0
1599,8,38,30,-0.787155882680382,1.0
1600,8,40,39,-0.2647755045914746,1.0
1601,8,41,40,-0.1616767711524938,1.0
1602,8,42,40,0.12257040578141454,1.0
1603,8,42,41,0.22624070150460374,1.0
1604,8,44,43,0.1548850811348017,1.0
1605,8,43,34,-0.026498146867252492,1.0
1606,8,45,44,0.3026955009879364,1.0
1607,8,46,45,0.35369089150937727,1.0
1608,8,47,46,0.28642643660743916,1.0
1609,8,48,46,0.1418904000012362,1.0
1610,8,49,47,0.11979100024377054,1.0
1611,8,49,42,1.2403134020904552,1.0
1612,8,49,45,0.47583434659103707,1.0
1613,8,49,48,0.3059698858229156,1.0
1614,8,50,49,-0.5422101869170919,1.0
1615,8,51,49,-0.6893202572057819,1.0
1616,8,52,51,-0.3053049906186258,1.0
1617,8,53,52,-0.12000626747474641,1.0
1618,8,54,53,0.13686841962472762,1.0
1619,8,54,49,-0.8182623917129512,1.0
1620,8,55,54,-0.08053604224562205,1.0
1621,8,56,54,-0.2010434267750476,1.0
1622,8,56,55,0.23229899352581995,1.0
1623,8,57,56,0.2512761176000855,1.0
1624,8,57,50,-0.3786048531219981,1.0
1625,8,58,56,0.07148995068167441,1.0
1626,8,58,51,-0.20041831939016497,1.0
1627,8,59,54,0.3101569835930198,1.0
1628,8,59,56,0.5694110203997402,1.0
1629,8,59,55,0.35633934052019645,1.0
1630,8,60,59,0.3890069906072271,1.0
1631,8,61,59,0.4637833243746454,1.0
1632,8,61,60,0.9971764960416891,1.0
1633,8,62,60,0.11381962580341565,1.0
1634,8,62,61,-0.180800651025125,1.0
1635,8,59,63,-1.6454880962474032,1.0
1636,8,64,63,1.6292331008286518,1.0
1637,8,61,64,-0.33616275724065936,1.0
1638,8,65,38,1.5840393619513846,1.0
1639,8,65,64,1.8038921876482643,1.0
1640,8,66,49,2.3559961374102727,1.0
1641,8,66,62,0.38495350438495934,1.0
1642,8,67,62,0.2681190249202765,1.0
1643,8,66,65,-0.38232248926194856,1.0
1644,8,67,66,-0.5460715226743904,1.0
1645,8,68,65,-0.31835684227413985,1.0
1646,8,69,47,0.4421294569511932,1.0
1647,8,69,49,0.34965014947449147,1.0
1648,8,69,68,0.5507160096372008,1.0
1649,8,70,69,-1.0389071799575098,1.0
1650,8,70,24,0.03165770339506514,1.0
1651,8,71,70,-0.1110813765019234,1.0
1652,8,72,24,-0.04319946166834021,1.0
1653,8,72,71,-0.11193840414981415,1.0
1654,8,73,71,-0.019658091900238706,1.0
1655,8,74,70,-0.21471799104215306,1.0
1656,8,75,70,-0.05113913082384136,1.0
1657,8,75,69,-1.074628793927264,1.0
1658,8,75,74,0.5244611680650255,1.0
1659,8,77,76,0.6703348151025585,1.0
1660,8,77,69,-0.6029134161240672,1.0
1661,8,77,75,0.3475329202548356,1.0
1662,8,78,77,-0.43802215937881783,1.0
1663,8,79,78,0.30797706992771623,1.0
1664,8,80,77,1.47733988395564,1.0
1665,8,80,79,0.6959572863185866,1.0
1666,8,81,68,0.034857552757117105,1.0
1667,8,80,81,0.03259181182790094,1.0
1668,8,82,77,-0.08694021017714304,1.0
1669,8,83,82,0.29180371599261434,1.0
1670,8,84,83,0.13672523950446003,1.0
1671,8,85,83,0.30519003066415906,1.0
1672,8,85,84,0.26337455667049436,1.0
1673,8,86,85,-0.12114923357085994,1.0
1674,8,87,86,0.09026310625314882,1.0
1675,8,88,85,0.3738979824121029,1.0
1676,8,89,85,0.5777597091478537,1.0
1677,8,89,88,0.8160332654597391,1.0
1678,8,90,89,-1.3216924317633771,1.0
1679,8,91,90,-0.04711923644643168,1.0
1680,8,92,89,-1.9938136737938859,1.0
1681,8,92,91,0.10669346206394192,1.0
1682,8,93,92,-0.4358331501637065,1.0
1683,8,94,92,-0.37953916669033894,1.0
1684,8,94,93,-0.3043480811146537,1.0
1685,8,95,94,-0.4138927390693157,1.0
1686,8,96,80,-0.2798554056501982,1.0
1687,8,96,82,0.09883133521795173,1.0
1688,8,96,94,-0.14199568507207516,1.0
1689,8,97,80,-0.3530135361786435,1.0
1690,8,98,80,-0.29551761616566297,1.0
1691,8,99,80,-0.22825900195488447,1.0
1692,8,100,92,-0.19996662852944747,1.0
1693,8,100,94,0.17039186303000076,1.0
1694,8,96,95,0.10528077326651974,1.0
1695,8,97,96,0.18030551257085703,1.0
1696,8,100,98,0.012687340241852807,1.0
1697,8,100,99,0.21089892389885945,1.0
1698,8,101,100,0.02833438064928462,1.0
1699,8,102,92,-0.3394390427886078,1.0
1700,8,102,101,0.2806522273013592,1.0
1701,8,103,100,-1.0523311765648335,1.0
1702,8,104,100,-0.5612787850368604,1.0
1703,8,104,103,-0.3430926495450024,1.0
1704,8,105,103,-0.43633101934267216,1.0
1705,8,106,100,-0.5942667539031602,1.0
1706,8,105,104,-0.4794621560350283,1.0
1707,8,106,105,-0.1036878870096456,1.0
1708,8,107,105,-0.2654059365914141,1.0
1709,8,108,105,-0.19781944815488206,1.0
1710,8,107,106,-0.2352834180212091,1.0
1711,8,109,108,-0.17727271646486464,1.0
1712,8,110,103,-0.5815180369952277,1.0
1713,8,110,109,-0.09518835806021153,1.0
1714,8,111,110,0.339305302243992,1.0
1715,8,112,110,-0.5976944133407258,1.0
1716,8,113,17,-0.03653597619681115,1.0
1717,8,113,32,-0.007205096795141364,1.0
1718,8,114,32,-0.10427091716690873,1.0
1719,8,115,27,-0.2235720908498311,1.0
1720,8,115,114,-0.016467212744419868,1.0
1721,8,116,68,-1.3957269817148514,1.0
1722,8,117,12,-0.21724721853329676,1.0
1723,8,118,75,-0.4820985591049052,1.0
1724,8,118,76,0.10066585879343659,1.0
1725,9,2,1,-0.08540129800693552,1.0
1726,9,3,1,-0.0881202993843575,1.0
1727,9,5,4,0.0212607189108569,1.0
1728,9,5,3,0.025285685008746395,1.0
1729,9,6,5,-0.1906107235053256,1.0
1730,9,7,6,-0.12413131748345752,1.0
1731,9,9,8,1.8180029670252142,1.0
1732,9,5,8,-0.04994661555496549,1.0
1733,9,10,9,2.9059098619356796,1.0
1734,9,11,4,-0.15812033522675306,1.0
1735,9,11,5,-0.1675571845648507,1.0
1736,9,12,11,-0.4210162987996968,1.0
1737,9,12,2,-0.11997841772609774,1.0
1738,9,12,3,-0.0656979916850729,1.0
1739,9,12,7,-0.09266583476937496,1.0
1740,9,13,11,0.050631511375115235,1.0
1741,9,14,12,0.0034843577047325436,1.0
1742,9,15,13,0.019156330231283686,1.0
1743,9,15,14,0.07062453282649472,1.0
1744,9,16,12,0.04651404363735134,1.0
1745,9,17,15,0.008891186069075019,1.0
1746,9,17,16,0.04576375525234089,1.0
1747,9,18,17,0.05964176189370474,1.0
1748,9,19,18,0.1196877835720771,1.0
1749,9,20,19,0.1038217169833624,1.0
1750,9,19,15,0.12031142568580844,1.0
1751,9,21,20,0.1330585992579979,1.0
1752,9,22,21,0.1096735114417865,1.0
1753,9,23,22,0.12680264326284657,1.0
1754,9,24,23,0.11792465437487087,1.0
1755,9,25,23,0.4288559629766957,1.0
1756,9,25,26,-0.24971360215516825,1.0
1757,9,27,25,-0.22920989283215748,1.0
1758,9,28,27,-0.07704105972605291,1.0
1759,9,29,28,-0.08299102384553692,1.0
1760,9,17,30,0.12585819889411454,1.0
1761,9,30,8,0.4752996341595175,1.0
1762,9,30,26,-0.37846396315468056,1.0
1763,9,31,17,0.11480697721453842,1.0
1764,9,31,29,-0.060051031233521845,1.0
1765,9,32,23,-0.1868483347099581,1.0
1766,9,32,31,0.20809902143822723,1.0
1767,9,32,27,-0.011808460852336666,1.0
1768,9,33,15,-0.034087134981243494,1.0
1769,9,34,19,-0.04189969380687525,1.0
1770,9,36,35,0.06545495778434685,1.0
1771,9,37,35,-0.07553205832074761,1.0
1772,9,37,33,-0.045217916238104616,1.0
1773,9,36,34,0.06319112133399862,1.0
1774,9,37,34,-0.17818314763908205,1.0
1775,9,37,38,0.3436526892069729,1.0
1776,9,39,37,-0.0513251072799395,1.0
1777,9,40,37,-0.07995141150571244,1.0
1778,9,38,30,0.3563139981389007,1.0
1779,9,40,39,-0.1068932202139391,1.0
1780,9,41,40,0.002757164327134576,1.0
1781,9,42,40,-0.005143565176806114,1.0
1782,9,42,41,-0.019472824410756318,1.0
1783,9,44,43,0.08162360591491014,1.0
1784,9,43,34,0.05708196744646277,1.0
1785,9,45,44,0.15889141042587906,1.0
1786,9,46,45,0.09886455386505844,1.0
1787,9,47,46,0.1171383213088163,1.0
1788,9,48,46,0.03691608645941635,1.0
1789,9,49,47,-0.05084384476564563,1.0
1790,9,49,42,0.46906837464144735,1.0
1791,9,49,45,0.1603422816853346,1.0
1792,9,49,48,0.1586462116225542,1.0
1793,9,50,49,-0.04778168297177521,1.0
1794,9,51,49,-0.014906180374579026,1.0
1795,9,52,51,-0.008370925261075746,1.0
1796,9,53,52,0.02856520930060996,1.0
1797,9,54,53,0.005067291179363886,1.0
1798,9,54,49,0.09439714266722926,1.0
1799,9,55,54,0.013674565019852869,1.0
1800,9,56,54,-0.0007792844115410702,1.0
1801,9,56,55,0.0028771788505910223,1.0
1802,9,57,56,-0.006235365186649355,1.0
1803,9,57,50,0.0008573939409139975,1.0
1804,9,58,56,0.003387753613422695,1.0
1805,9,58,51,-0.006902874193867259,1.0
1806,9,59,54,0.06369607080048256,1.0
1807,9,59,56,0.17827660299617953,1.0
1808,9,59,55,0.06254972721564744,1.0
1809,9,60,59,0.21525903414055214,1.0
1810,9,61,59,0.25863588304995966,1.0
1811,9,61,60,0.5371706570071488,1.0
1812,9,62,60,-0.013181141889463177,1.0
1813,9,62,61,-0.22285994078174287,1.0
1814,9,59,63,0.032859116900965546,1.0
1815,9,64,63,0.15880192635047297,1.0
1816,9,61,64,0.00016544921567884785,1.0
1817,9,65,38,0.9349408527451639,1.0
1818,9,65,64,0.497616558828085,1.0
1819,9,66,49,1.0507919390251341,1.0
1820,9,66,62,0.04327483936373844,1.0
1821,9,67,62,-0.006761933471664094,1.0
1822,9,66,65,0.5584206367126576,1.0
1823,9,67,66,-0.046696255219100924,1.0
1824,9,68,65,0.3042647150667741,1.0
1825,9,69,47,0.3675154958216915,1.0
1826,9,69,49,0.33634961967248495,1.0
1827,9,69,68,1.4743180606244906,1.0
1828,9,70,69,-0.27880453482872447,1.0
1829,9,70,24,0.08807690054340829,1.0
1830,9,71,70,-0.17315484890257338,1.0
1831,9,72,24,0.07061509590518122,1.0
1832,9,72,71,-0.00876897902130025,1.0
1833,9,73,71,-0.1129776308107695,1.0
1834,9,74,70,0.08791902107815341,1.0
1835,9,75,70,0.12619264421561127,1.0
1836,9,75,69,-0.2489928740180437,1.0
1837,9,75,74,0.1495774709106783,1.0
1838,9,77,76,0.06648945133100681,1.0
1839,9,77,69,-0.14991181059766778,1.0
1840,9,77,75,0.09318281324390665,1.0
1841,9,78,77,-0.13296125383118884,1.0
1842,9,79,78,-0.04391406423932187,1.0
1843,9,80,77,0.18007876348697138,1.0
1844,9,80,79,0.044067596707887846,1.0
1845,9,81,68,0.8781911382611423,1.0
1846,9,80,81,0.8211087142741711,1.0
1847,9,82,77,0.239689011207459,1.0
1848,9,83,82,0.47177400847925544,1.0
1849,9,84,83,0.273276020221771,1.0
1850,9,85,83,0.34408815892122757,1.0
1851,9,85,84,0.28015706060388323,1.0
1852,9,86,85,-0.133624537732419,1.0
1853,9,87,86,-0.07208900384500988,1.0
1854,9,88,85,0.3621570528799334,1.0
1855,9,89,85,0.43192856937137303,1.0
1856,9,89,88,0.5786455753678104,1.0
1857,9,90,89,-1.0250407287625827,1.0
1858,9,91,90,0.04852854711203203,1.0
1859,9,92,89,-1.726176421645277,1.0
1860,9,92,91,0.00018456706469049955,1.0
1861,9,93,92,-0.3931359225686759,1.0
1862,9,94,92,-0.37611794777403673,1.0
1863,9,94,93,-0.3756057223686149,1.0
1864,9,95,94,-0.10535360200768551,1.0
1865,9,96,80,0.13074453997996838,1.0
1866,9,96,82,0.03221651865550834,1.0
1867,9,96,94,-0.15915133059123998,1.0
1868,9,97,80,0.11408945598502251,1.0
1869,9,98,80,-0.03843700948344275,1.0
1870,9,99,80,0.027435099626440806,1.0
1871,9,100,92,-0.26606368848535517,1.0
1872,9,100,94,-0.4004288202791324,1.0
1873,9,96,95,-0.1730831151258907,1.0
1874,9,97,96,-0.10491484010898033,1.0
1875,9,100,98,0.0882841216988779,1.0
1876,9,100,99,0.08158203148899168,1.0
1877,9,101,100,0.2955727458987244,1.0
1878,9,102,92,-0.30029975737944725,1.0
1879,9,102,101,0.29888599233955837,1.0
1880,9,103,100,-0.5544634372947326,1.0
1881,9,104,100,-0.12030831578891688,1.0
1882,9,104,103,-0.023062239948096974,1.0
1883,9,105,103,-0.07422425490928297,1.0
1884,9,106,100,-0.14246039498741586,1.0
1885,9,105,104,-0.15212164011846685,1.0
1886,9,106,105,0.019298145482175455,1.0
1887,9,107,105,-0.07787179418056234,1.0
1888,9,108,105,-0.17866938099909246,1.0
1889,9,107,106,-0.08073401480099218,1.0
1890,9,109,108,-0.1746049054227976,1.0
1891,9,110,103,-0.1777716491269441,1.0
1892,9,110,109,-0.15845725447187076,1.0
1893,9,111,110,0.14201997099139918,1.0
1894,9,112,110,-0.46334882638554986,1.0
1895,9,113,17,0.061480694397355595,1.0
1896,9,113,32,-0.13578849976537066,1.0
1897,9,114,32,0.014403171154494299,1.0
1898,9,115,27,0.004352543531988884,1.0
1899,9,115,114,0.007934787629850781,1.0
1900,9,116,68,-1.290247994928377,1.0
1901,9,117,12,0.04161192929757834,1.0
1902,9,118,75,0.07333314730891649,1.0
1903,9,118,76,-0.05668844781310689,1.0
1904,6,1,-1,-0.5843045585003352,1.0
1905,6,2,-1,-0.22024787140998825,1.0
1906,6,3,-1,-0.41565764019009444,1.0
1907,6,4,-1,-0.44911051448108985,1.0
1908,6,5,-1,0.0,1.0
1909,6,6,-1,-0.5252687405379604,1.0
1910,6,7,-1,-0.19173285200825507,1.0
1911,6,8,-1,-0.03548405543147948,1.0
1912,6,9,-1,0.0,1.0
1913,6,10,-1,3.1873724783101314,1.0
1914,6,11,-1,-0.7449239526753253,1.0
1915,6,12,-1,0.55241227243394,1.0
1916,6,13,-1,-0.37724897165117577,1.0
1917,6,14,-1,-0.1414123746595941,1.0
1918,6,15,-1,-0.9624964284039357,1.0
1919,6,16,-1,-0.2698256235649763,1.0
1920,6,17,-1,-0.1145477449992498,1.0
1921,6,18,-1,-0.6196704052684128,1.0
1922,6,19,-1,-0.5298642973850816,1.0
1923,6,20,-1,-0.19031545758595092,1.0
1924,6,21,-1,-0.16175202028874258,1.0
1925,6,22,-1,-0.11348137599708452,1.0
1926,6,23,-1,-0.07613533084777324,1.0
1927,6,24,-1,-0.17818563200477433,1.0
1928,6,25,-1,2.0704651691623335,1.0
1929,6,26,-1,2.7287415351194175,1.0
1930,6,27,-1,-0.7369061039009566,1.0
1931,6,28,-1,-0.18910002515932556,1.0
1932,6,29,-1,-0.2521484812024979,1.0
1933,6,30,-1,0.0,1.0
1934,6,31,-1,-0.3520912324056418,1.0
1935,6,32,-1,-0.686241723879955,1.0
1936,6,33,-1,-0.24993737196971932,1.0
1937,6,34,-1,-0.6527724658006079,1.0
1938,6,35,-1,-0.3478601830914858,1.0
1939,6,36,-1,-0.34754385498959905,1.0
1940,6,37,-1,0.0,1.0
1941,6,38,-1,0.0,1.0
1942,6,39,-1,-0.29202922217848704,1.0
1943,6,40,-1,-0.6694641588858572,1.0
1944,6,41,-1,-0.39252186877741146,1.0
1945,6,42,-1,-0.9359080897202547,1.0
1946,6,43,-1,-0.19448439003254014,1.0
1947,6,44,-1,-0.17721306757893357,1.0
1948,6,45,-1,-0.5775453752336808,1.0
1949,6,46,-1,-0.13322614124087107,1.0
1950,6,47,-1,-0.31250114117650407,1.0
1951,6,48,-1,-0.2210156857730482,1.0
1952,6,49,-1,1.3652299745442233,1.0
1953,6,50,-1,-0.1735763771934975,1.0
1954,6,51,-1,-0.1920159573490623,1.0
1955,6,52,-1,-0.19524639703570523,1.0
1956,6,53,-1,-0.26445069000210397,1.0
1957,6,54,-1,-0.734236435052749,1.0
1958,6,55,-1,-0.6863509579595204,1.0
1959,6,56,-1,-0.9054285016521999,1.0
1960,6,57,-1,-0.1273287355219126,1.0
1961,6,58,-1,-0.12892836870849056,1.0
1962,6,59,-1,-1.2901570048472897,1.0
1963,6,60,-1,-0.7335996330463295,1.0
1964,6,61,-1,1.301654325989652,1.0
1965,6,62,-1,-0.7584301574096054,1.0
1966,6,63,-1,0.0,1.0
1967,6,64,-1,0.0,1.0
1968,6,65,-1,3.8177813538016525,1.0
1969,6,66,-1,2.8924211493045173,1.0
1970,6,67,-1,-0.2779524977541139,1.0
1971,6,68,-1,0.0,1.0
1972,6,69,-1,3.898472695391365,1.0
1973,6,70,-1,-0.65953781523721,1.0
1974,6,71,-1,0.0,1.0
1975,6,72,-1,-0.15513786581815436,1.0
1976,6,73,-1,-0.019658091900238706,1.0
1977,6,74,-1,-0.7854092224751235,1.0
1978,6,75,-1,-0.491778824538754,1.0
1979,6,76,-1,-0.7905590669277427,1.0
1980,6,77,-1,-0.6136383636257039,1.0
1981,6,78,-1,-0.7489193549391935,1.0
1982,6,79,-1,-0.4877985443614138,1.0
1983,6,80,-1,3.2860482319422415,1.0
1984,6,81,-1,0.0,1.0
1985,6,82,-1,-0.6105262719191209,1.0
1986,6,83,-1,-0.22698715345027098,1.0
1987,6,84,-1,-0.1330324597952135,1.0
1988,6,85,-1,-0.3191201527731269,1.0
1989,6,86,-1,-0.23455869095103676,1.0
1990,6,87,-1,0.09026310625314882,1.0
1991,6,88,-1,-0.45391688435504984,1.0
1992,6,89,-1,4.557817033136104,1.0
1993,6,90,-1,-1.2861294094398228,1.0
1994,6,91,-1,-0.1716523724556851,1.0
1995,6,92,-1,-0.5970466218646127,1.0
1996,6,93,-1,-0.14069371359724459,1.0
1997,6,94,-1,-0.3431337537802335,1.0
1998,6,95,-1,-0.5259206068845259,1.0
1999,6,96,-1,-0.4092382597523553,1.0
2000,6,97,-1,-0.17270802360778648,1.0
2001,6,98,-1,-0.3308263160089866,1.0
2002,6,99,-1,-0.449294637273437,1.0
2003,6,100,-1,2.2858073001143535,1.0
2004,6,101,-1,-0.26733501726154185,1.0
2005,6,102,-1,-0.05878681548724862,1.0
2006,6,103,-1,0.2609088724445232,1.0
2007,6,104,-1,-0.42835901456396064,1.0
2008,6,105,-1,-0.4426399994888008,1.0
2009,6,106,-1,-0.4773545793890378,1.0
2010,6,107,-1,-0.5179377562074335,1.0
2011,6,108,-1,-0.022963624290471607,1.0
2012,6,109,-1,-0.08832008317837658,1.0
2013,6,110,-1,-0.4600634304283996,1.0
2014,6,111,-1,0.339305302243992,1.0
2015,6,112,-1,-0.5976944133407258,1.0
2016,6,113,-1,-0.04374107299195251,1.0
2017,6,114,-1,-0.08847753139079506,1.0
2018,6,115,-1,-0.24003930359425096,1.0
2019,6,116,-1,-1.3957269817148514,1.0
2020,6,117,-1,-0.21724721853329676,1.0
2021,6,118,-1,-0.3814327003114686,1.0
2022,7,1,-1,0.20771127767507214,1.0
2023,7,2,-1,0.04965535825496037,1.0
2024,7,3,-1,0.018259698277595604,1.0
2025,7,4,-1,0.15567053165443911,1.0
2026,7,5,-1,0.0,1.0
2027,7,6,-1,-0.06117750748703643,1.0
2028,7,7,-1,-0.023026756315278396,1.0
2029,7,8,-1,-0.6758586644642157,1.0
2030,7,9,-1,0.0,1.0
2031,7,10,-1,2.9059098619356796,1.0
2032,7,11,-1,0.06744090909882416,1.0
2033,7,12,-1,-0.7184031829135324,1.0
2034,7,13,-1,0.09098824897626448,1.0
2035,7,14,-1,-0.019113119586561478,1.0
2036,7,15,-1,0.07719106069127166,1.0
2037,7,16,-1,0.045655210727924334,1.0
2038,7,17,-1,0.0024979941924550553,1.0
2039,7,18,-1,-0.04921558631654366,1.0
2040,7,19,-1,0.26646672783841213,1.0
2041,7,20,-1,-0.00907343193421617,1.0
2042,7,21,-1,0.04627847755137093,1.0
2043,7,22,-1,0.020486661469006184,1.0
2044,7,23,-1,0.002591456020228866,1.0
2045,7,24,-1,0.09761857389765076,1.0
2046,7,25,-1,0.5722091339362003,1.0
2047,7,26,-1,1.4607515851967436,1.0
2048,7,27,-1,-0.08826806812451876,1.0
2049,7,28,-1,0.028231181228525415,1.0
2050,7,29,-1,-0.01513351215528247,1.0
2051,7,30,-1,0.0,1.0
2052,7,31,-1,-0.12983594148477534,1.0
2053,7,32,-1,0.19503321872336377,1.0
2054,7,33,-1,0.046352854035981716,1.0
2055,7,34,-1,0.20696139364509936,1.0
2056,7,35,-1,0.02539341674957407,1.0
2057,7,36,-1,0.12864607911834547,1.0
2058,7,37,-1,0.0,1.0
2059,7,38,-1,0.0,1.0
2060,7,39,-1,0.07047683738371774,1.0
2061,7,40,-1,-0.1276258949416433,1.0
2062,7,41,-1,0.05548098668803364,1.0
2063,7,42,-1,-0.3276640318983092,1.0
2064,7,43,-1,0.033562264590784485,1.0
2065,7,44,-1,0.03967581316562509,1.0
2066,7,45,-1,0.06852904188183793,1.0
2067,7,46,-1,0.11525576505193807,1.0
2068,7,47,-1,-0.11873810627276737,1.0
2069,7,48,-1,0.03415879277556921,1.0
2070,7,49,-1,-0.3702307944740101,1.0
2071,7,50,-1,-0.017473661406113727,1.0
2072,7,51,-1,0.02983261880496657,1.0
2073,7,52,-1,0.00036665730862089907,1.0
2074,7,53,-1,0.051971570480791984,1.0
2075,7,54,-1,0.1035042176716508,1.0
2076,7,55,-1,0.003858711075970467,1.0
2077,7,56,-1,-0.02644991935936869,1.0
2078,7,57,-1,-0.005377971245735358,1.0
2079,7,58,-1,-0.003515120580444564,1.0
2080,7,59,-1,-0.0662600708781802,1.0
2081,7,60,-1,-0.2820598181028454,1.0
2082,7,61,-1,1.0277659003573683,1.0
2083,7,62,-1,-0.19068640051055885,1.0
2084,7,63,-1,0.0,1.0
2085,7,64,-1,0.0,1.0
2086,7,65,-1,1.0984637003960183,1.0
2087,7,66,-1,1.7240666380065623,1.0
2088,7,67,-1,-0.05345818869076502,1.0
2089,7,68,-1,0.0,1.0
2090,7,69,-1,3.1699234779859253,1.0
2091,7,70,-1,-0.16101254738696041,1.0
2092,7,71,-1,0.0,1.0
2093,7,72,-1,0.061846116883880975,1.0
2094,7,73,-1,-0.1129776308107695,1.0
2095,7,74,-1,0.05438460411375193,1.0
2096,7,75,-1,-0.08459516921505295,1.0
2097,7,76,-1,0.03474434273714189,1.0
2098,7,77,-1,-0.12978262923614114,1.0
2099,7,78,-1,-0.08321660644291073,1.0
2100,7,79,-1,0.10918902783067214,1.0
2101,7,80,-1,0.953912568710062,1.0
2102,7,81,-1,0.0,1.0
2103,7,82,-1,-0.007573149020293601,1.0
2104,7,83,-1,-0.007529271158801754,1.0
2105,7,84,-1,0.0034236334845281213,1.0
2106,7,85,-1,0.04709164440661151,1.0
2107,7,86,-1,-0.023485096341837652,1.0
2108,7,87,-1,-0.07208900384500988,1.0
2109,7,88,-1,-0.20125863966302227,1.0
2110,7,89,-1,3.9653470723982878,1.0
2111,7,90,-1,-1.0560043804713999,1.0
2112,7,91,-1,0.07519670100682907,1.0
2113,7,92,-1,-0.2849458253775623,1.0
2114,7,93,-1,-0.0014248779055858751,1.0
2115,7,94,-1,-0.003679541935683095,1.0
2116,7,95,-1,0.08061796902037299,1.0
2117,7,96,-1,-0.04307168478965717,1.0
2118,7,97,-1,0.00917461587604218,1.0
2119,7,98,-1,-0.08374816142751729,1.0
2120,7,99,-1,-0.03474453482956713,1.0
2121,7,100,-1,0.20677476920591292,1.0
2122,7,101,-1,0.02168479985082994,1.0
2123,7,102,-1,-0.0014137650398888812,1.0
2124,7,103,-1,-0.16319176055552376,1.0
2125,7,104,-1,0.017649843215964967,1.0
2126,7,105,-1,0.26391035637180005,1.0
2127,7,106,-1,0.00025317385170348095,1.0
2128,7,107,-1,-0.10415227794431008,1.0
2129,7,108,-1,0.002872811628234384,1.0
2130,7,109,-1,0.002427326356835957,1.0
2131,7,110,-1,0.11690315260713025,1.0
2132,7,111,-1,0.14201997099139918,1.0
2133,7,112,-1,-0.46334882638554986,1.0
2134,7,113,-1,-0.07430780536801507,1.0
2135,7,114,-1,0.009032597590101776,1.0
2136,7,115,-1,0.012287331161839665,1.0
2137,7,116,-1,-1.290247994928377,1.0
2138,7,117,-1,0.04161192929757834,1.0
2139,7,118,-1,0.0166446994958096,1.0
