dx,dz
0.896678196201292,1.0
0.8450929668117634,0.2358990423106806
0.12883692681494827,5.248196718933829
0.6362290242193333,0.7813071077031318
1.59270360107854,0.13489990599932655
1.6030830068913007,0.026803663082470737
1.4668874673614731,0.018071202932606598
0.702914838006522,0.011005020307168756
0.17002174994713987,0.008558534343303024
0.03463526024468458,0.0003587769759202304
0.01046793223500157,1.968281111124347e-05
0.0005966486417313128,1.0163984170751924e-06
3.237424923584377e-06,3.1986674179945463e-09
