0,1,2,3,4,5,6,7
44.17359355986001,-18.957436393725736,-25.216157166134277,0.0,10.347724526035728,-3.4695394171450804,-4.324800622207531,0.0
-18.82031005428997,44.65456753606524,0.0,-25.834257481775268,-4.119720196008824,7.180996844588054,0.0,-6.2605375332014095
-7.6280637189749765,3.4349587962121415,4.193104922762835,0.0,45.52658390956043,-19.14828582182212,-26.00813817220777,0.0
4.120590493391,-10.504522928722862,0.0,6.383932435331862,-18.816335073859793,43.06859924793096,0.0,-25.33490763653981
18.957436393725736,-18.957436393725736,0.0,0.0,4.198636437440706,-3.4695394171450804,0.0,0.0
-3.4349587962121415,3.4349587962121415,0.0,0.0,19.108394627732714,-19.14828582182212,0.0,0.0
0.0,25.834257481775268,0.0,-25.834257481775268,0.0,3.787872892129939,0.0,-6.2605375332014095
0.0,-6.383932435331862,0.0,6.383932435331862,0.0,25.00930493890569,0.0,-25.33490763653981
-18.82031005428997,18.82031005428997,0.0,0.0,-4.119720196008824,3.393123952458115,0.0,0.0
4.120590493391,-4.120590493391,0.0,0.0,-18.816335073859793,18.66473010766146,0.0,0.0
0.0,0.0,14.743496881823393,-14.743496881823393,0.0,0.0,1.8712254887671564,-3.7956599766484627
0.0,0.0,-3.870472257360005,3.870472257360005,0.0,0.0,13.986128126962836,-14.458520126003664
0.0,0.0,0.0,0.0,1.0,0.0,0.0,0.0
0.0,0.0,0.0,0.0,0.0,1.0,0.0,0.0
0.0,25.640942656574953,0.0,-26.207636410941742,0.0,4.697837271778758,0.0,-5.85564481089329
0.0,4.65101430470214,0.0,-5.971059296393768,0.0,-25.899076675343395,0.0,25.701069531865663
-19.08254847606144,18.90303833648696,0.0,0.0,-3.8137581842135346,3.467864527582293,0.0,0.0
-3.8145638466386647,3.433300600139213,0.0,0.0,19.078518109052002,-19.093340125234967,0.0,0.0
0.0,0.0,0.0,0.0,1.0,0.0,0.0,0.0
0.0,0.0,0.0,0.0,0.0,1.0,0.0,0.0
0.0,0.0,0.0,0.0,0.0,0.0,1.0,0.0
0.0,0.0,0.0,0.0,0.0,0.0,0.0,1.0
1.0,0.0,0.0,0.0,0.0,0.0,0.0,0.0
0.0,1.0,0.0,0.0,0.0,0.0,0.0,0.0
0.0,0.0,1.0,0.0,0.0,0.0,0.0,0.0
0.0,0.0,0.0,1.0,0.0,0.0,0.0,0.0
