0,1,-1,2.3264448,1.0000000
0,2,-1,0.1830000,1.0000000
0,3,-1,-0.9420000,1.0000000
0,4,-1,-0.4780000,1.0000000
0,5,-1,-0.0760000,1.0000000
0,6,-1,-0.1120000,1.0000000
0,7,-1,0.0000000,1.0000000
0,8,-1,0.0000000,1.0000000
0,9,-1,-0.2950000,1.0000000
0,10,-1,-0.0900000,1.0000000
0,11,-1,-0.0350000,1.0000000
0,12,-1,-0.0610000,1.0000000
0,13,-1,-0.1350000,1.0000000
0,14,-1,-0.1490000,1.0000000
0,600,-1,0.0000000,1.0000000
1,1,-1,-0.1583067,1.0000000
1,2,-1,0.3270900,1.0000000
1,3,-1,0.0756211,1.0000000
1,4,-1,0.0390000,1.0000000
1,5,-1,-0.0160000,1.0000000
1,6,-1,0.0470000,1.0000000
1,7,-1,0.0000000,1.0000000
1,8,-1,0.1859371,1.0000000
1,9,-1,-0.1660000,1.0000000
1,10,-1,-0.0580000,1.0000000
1,11,-1,-0.0180000,1.0000000
1,12,-1,-0.0160000,1.0000000
1,13,-1,-0.0580000,1.0000000
1,14,-1,-0.0500000,1.0000000
1,600,-1,0.0000000,1.0000000
2,1,2,1.5713118,1.0000000
2,1,5,0.7551329,1.0000000
2,2,3,0.7333930,1.0000000
2,2,4,0.5618294,1.0000000
2,2,5,0.4159755,1.0000000
2,3,4,-0.2319034,1.0000000
2,4,5,-0.6090094,1.0000000
2,4,7,0.2800617,1.0000000
2,4,9,0.1603072,1.0000000
2,5,6,0.4441646,1.0000000
2,6,11,0.0668052,1.0000000
2,600,12,0.1500000,1.0000000
2,6,13,0.1151557,1.0000000
2,7,8,0.0000000,1.0000000
2,7,9,0.2800617,1.0000000
2,9,10,0.0588861,1.0000000
2,9,14,0.0864828,1.0000000
2,10,11,-0.0312826,1.0000000
2,12,13,0.0865956,1.0000000
2,13,14,0.0642306,1.0000000
2,6,600,0.1502037,1.0000000
3,1,2,-0.2046229,1.0000000
3,1,5,0.0463162,1.0000000
3,2,3,0.0355022,1.0000000
3,2,4,-0.0075581,1.0000000
3,2,5,0.0213820,1.0000000
3,3,4,0.0592309,1.0000000
3,4,5,0.1642404,1.0000000
3,4,7,-0.0959852,1.0000000
3,4,9,-0.0020502,1.0000000
3,5,6,0.1475690,1.0000000
3,6,11,0.0284141,1.0000000
3,600,12,0.0263000,1.0000000
3,6,13,0.0693705,1.0000000
3,7,8,-0.1808113,1.0000000
3,7,9,0.0678518,1.0000000
3,9,10,0.0491481,1.0000000
3,9,14,0.0403243,1.0000000
3,10,11,-0.0093000,1.0000000
3,12,13,0.0052958,1.0000000
3,13,14,0.0132593,1.0000000
3,6,600,0.0504962,1.0000000
2,2,1,-1.5281979,1.0000000
2,5,1,-0.7274498,1.0000000
2,3,2,-0.7100966,1.0000000
2,4,2,-0.5450261,1.0000000
2,5,2,-0.4068670,1.0000000
2,4,3,0.2356666,1.0000000
2,5,4,0.6141522,1.0000000
2,7,4,-0.2800617,1.0000000
2,9,4,-0.1603072,1.0000000
2,6,5,-0.4441646,1.0000000
2,11,6,-0.0663622,1.0000000
2,12,600,-0.1475956,1.0000000
2,13,6,-0.1140977,1.0000000
2,8,7,0.0000000,1.0000000
2,9,7,-0.2800617,1.0000000
2,10,9,-0.0587174,1.0000000
2,14,9,-0.0854397,1.0000000
2,11,10,0.0313622,1.0000000
2,13,12,-0.0851329,1.0000000
2,14,13,-0.0635603,1.0000000
2,600,6,-0.1500000,1.0000000
3,2,1,0.2777638,1.0000000
3,5,1,0.0148361,1.0000000
3,3,2,0.0163903,1.0000000
3,4,2,0.0224210,1.0000000
3,5,2,-0.0303865,1.0000000
3,4,3,-0.0496260,1.0000000
3,5,4,-0.1480185,1.0000000
3,7,4,0.1129595,1.0000000
3,9,4,0.0150465,1.0000000
3,6,5,-0.1012808,1.0000000
3,11,6,-0.0274864,1.0000000
3,12,600,-0.0212958,1.0000000
3,13,6,-0.0672869,1.0000000
3,8,7,0.1859371,1.0000000
3,9,7,-0.0597209,1.0000000
3,10,9,-0.0487000,1.0000000
3,14,9,-0.0381053,1.0000000
3,11,10,0.0094864,1.0000000
3,13,12,-0.0039724,1.0000000
3,14,13,-0.0118947,1.0000000
3,600,6,-0.0263000,1.0000000
4,1,-1,1.0600000,1.0000000
4,2,-1,1.0450000,1.0000000
4,3,-1,1.0100000,1.0000000
4,4,-1,1.0162746,1.0000000
4,5,-1,1.0178379,1.0000000
4,6,-1,1.0630000,1.0000000
4,7,-1,1.0599515,1.0000000
4,8,-1,1.0900000,1.0000000
4,9,-1,1.0533105,1.0000000
4,10,-1,1.0475943,1.0000000
4,11,-1,1.0517615,1.0000000
4,12,-1,1.0662046,1.0000000
4,13,-1,1.0473784,1.0000000
4,14,-1,1.0326685,1.0000000
4,600,-1,1.0888275,1.0000000
5,1,-1,0.0000000,1.0000000
5,2,-1,-0.0871059,1.0000000
5,3,-1,-0.2224352,1.0000000
5,4,-1,-0.1799147,1.0000000
5,5,-1,-0.1529993,1.0000000
5,6,-1,-0.2495729,1.0000000
5,7,-1,-0.2331128,1.0000000
5,8,-1,-0.2331128,1.0000000
5,9,-1,-0.2607121,1.0000000
5,10,-1,-0.2638047,1.0000000
5,11,-1,-0.2590440,1.0000000
5,12,-1,-0.2444728,1.0000000
5,13,-1,-0.2589253,1.0000000
5,14,-1,-0.2774981,1.0000000
5,600,-1,-0.2141998,1.0000000
8,1,2,1.4823697,1.0000000
8,1,5,0.7123896,1.0000000
8,2,3,0.6961951,1.0000000
8,2,4,0.5362266,1.0000000
8,2,5,0.3947735,1.0000000
8,3,4,-0.2368878,1.0000000
8,4,5,-0.6185036,1.0000000
8,4,7,0.2880298,1.0000000
8,4,9,0.1555550,1.0000000
8,5,6,0.4091870,1.0000000
8,6,11,0.0542968,1.0000000
8,600,12,0.1294801,1.0000000
8,6,13,0.0888562,1.0000000
8,7,8,0.0394063,1.0000000
8,7,9,0.2422869,1.0000000
8,9,10,0.0419888,1.0000000
8,9,14,0.0694629,1.0000000
8,10,11,-0.0265135,1.0000000
8,12,13,0.0776013,1.0000000
8,13,14,0.0560395,1.0000000
8,6,600,0.1251910,1.0000000
9,1,2,0.1930405,1.0000000
9,1,5,-0.0436945,1.0000000
9,2,3,-0.0948993,1.0000000
9,2,4,-0.0395669,1.0000000
9,2,5,-0.0550135,1.0000000
9,3,4,-0.0065470,1.0000000
9,4,5,-0.0517673,1.0000000
9,4,7,0.0436103,1.0000000
9,4,9,-0.0262421,1.0000000
9,5,6,-0.2097949,1.0000000
9,6,11,-0.0414242,1.0000000
9,600,12,-0.0528861,1.0000000
9,6,13,-0.0899939,1.0000000
9,7,8,0.1659705,1.0000000
9,7,9,-0.1233196,1.0000000
9,9,10,-0.0594945,1.0000000
9,9,14,-0.0581540,1.0000000
9,10,11,0.0163568,1.0000000
9,12,13,-0.0244778,1.0000000
9,13,14,-0.0279393,1.0000000
9,6,600,-0.0809319,1.0000000
8,2,1,-1.4799696,1.0000000
8,5,1,-0.7085736,1.0000000
8,3,2,-0.6893246,1.0000000
8,4,2,-0.5315896,1.0000000
8,5,2,-0.3905171,1.0000000
8,4,3,0.2368878,1.0000000
8,5,4,0.6185036,1.0000000
8,7,4,-0.2816931,1.0000000
8,9,4,-0.1507328,1.0000000
8,6,5,-0.3813623,1.0000000
8,11,6,-0.0542968,1.0000000
8,12,600,-0.1294801,1.0000000
8,13,6,-0.0888562,1.0000000
8,8,7,-0.0394063,1.0000000
8,9,7,-0.2422869,1.0000000
8,10,9,-0.0419888,1.0000000
8,14,9,-0.0694629,1.0000000
8,11,10,0.0265135,1.0000000
8,13,12,-0.0776013,1.0000000
8,14,13,-0.0560395,1.0000000
8,600,6,-0.1294801,1.0000000
9,2,1,-0.1375731,1.0000000
9,5,1,0.0945169,1.0000000
9,3,2,0.1392720,1.0000000
9,4,2,0.0742623,1.0000000
9,5,2,0.0904264,1.0000000
9,4,3,0.0065470,1.0000000
9,5,4,0.0517673,1.0000000
9,7,4,-0.0426509,1.0000000
9,9,4,0.0254286,1.0000000
9,6,5,0.1955288,1.0000000
9,11,6,0.0414242,1.0000000
9,12,600,0.0528861,1.0000000
9,13,6,0.0899939,1.0000000
9,8,7,-0.1659705,1.0000000
9,9,7,0.1233196,1.0000000
9,10,9,0.0594945,1.0000000
9,14,9,0.0581540,1.0000000
9,11,10,-0.0163568,1.0000000
9,13,12,0.0244778,1.0000000
9,14,13,0.0279393,1.0000000
9,600,6,0.0528861,1.0000000
6,1,-1,2.1947592,1.0000000
6,2,-1,0.1472256,1.0000000
6,3,-1,-0.9262124,1.0000000
6,4,-1,-0.4696206,1.0000000
6,5,-1,-0.0714001,1.0000000
6,6,-1,-0.1130184,1.0000000
6,7,-1,0.0000000,1.0000000
6,8,-1,-0.0394063,1.0000000
6,9,-1,-0.2299810,1.0000000
6,10,-1,-0.0685023,1.0000000
6,11,-1,-0.0277833,1.0000000
6,12,-1,-0.0518788,1.0000000
6,13,-1,-0.1104180,1.0000000
6,14,-1,-0.1255023,1.0000000
6,600,-1,0.0000000,1.0000000
7,1,-1,0.1493460,1.0000000
7,2,-1,-0.3270527,1.0000000
7,3,-1,0.1327251,1.0000000
7,4,-1,0.0464102,1.0000000
7,5,-1,0.0269156,1.0000000
7,6,-1,-0.0168212,1.0000000
7,7,-1,0.0000000,1.0000000
7,8,-1,-0.1659705,1.0000000
7,9,-1,0.2244657,1.0000000
7,10,-1,0.0758514,1.0000000
7,11,-1,0.0250674,1.0000000
7,12,-1,0.0284082,1.0000000
7,13,-1,0.0865325,1.0000000
7,14,-1,0.0860933,1.0000000
7,600,-1,0.0000000,1.0000000
12,6,600,1.0601487,1.0000000
13,6,600,-0.0000050,1.0000000
14,6,600,0.0594250,1.0000000
15,6,600,2.0701928,1.0000000
