0,1,-1,2.3239327,1.0000000
0,2,-1,0.1830000,1.0000000
0,3,-1,-0.9420000,1.0000000
0,4,-1,-0.4780000,1.0000000
0,5,-1,-0.0760000,1.0000000
0,6,-1,-0.1120000,1.0000000
0,7,-1,0.0000000,1.0000000
0,8,-1,0.0000000,1.0000000
0,9,-1,-0.2950000,1.0000000
0,10,-1,-0.0900000,1.0000000
0,11,-1,-0.0350000,1.0000000
0,12,-1,-0.0610000,1.0000000
0,13,-1,-0.1350000,1.0000000
0,14,-1,-0.1490000,1.0000000
1,1,-1,-0.1654930,1.0000000
1,2,-1,0.3085710,1.0000000
1,3,-1,0.0607535,1.0000000
1,4,-1,0.0390000,1.0000000
1,5,-1,-0.0160000,1.0000000
1,6,-1,0.0523094,1.0000000
1,7,-1,0.0000000,1.0000000
1,8,-1,0.1762345,1.0000000
1,9,-1,-0.1660000,1.0000000
1,10,-1,-0.0580000,1.0000000
1,11,-1,-0.0180000,1.0000000
1,12,-1,-0.0160000,1.0000000
1,13,-1,-0.0580000,1.0000000
1,14,-1,-0.0500000,1.0000000
2,1,2,1.5688289,1.0000000
2,1,5,0.7551038,1.0000000
2,2,3,0.7323758,1.0000000
2,2,4,0.5613150,1.0000000
2,2,5,0.4151622,1.0000000
2,3,4,-0.2328569,1.0000000
2,4,5,-0.6115823,1.0000000
2,4,7,0.2807418,1.0000000
2,4,9,0.1607976,1.0000000
2,5,6,0.4408732,1.0000000
2,6,11,0.0735328,1.0000000
2,6,12,0.0778607,1.0000000
2,6,13,0.1774798,1.0000000
2,7,8,0.0000000,1.0000000
2,7,9,0.2807418,1.0000000
2,9,10,0.0522755,1.0000000
2,9,14,0.0942638,1.0000000
2,10,11,-0.0378532,1.0000000
2,12,13,0.0161426,1.0000000
2,13,14,0.0564385,1.0000000
3,1,2,-0.2040429,1.0000000
3,1,5,0.0385499,1.0000000
3,2,3,0.0356020,1.0000000
3,2,4,-0.0155035,1.0000000
3,2,5,0.0117100,1.0000000
3,3,4,0.0447312,1.0000000
3,4,5,0.1582364,1.0000000
3,4,7,-0.0968107,1.0000000
3,4,9,-0.0042761,1.0000000
3,5,6,0.1247068,1.0000000
3,6,11,0.0356047,1.0000000
3,6,12,0.0250341,1.0000000
3,6,13,0.0721658,1.0000000
3,7,8,-0.1716297,1.0000000
3,7,9,0.0577869,1.0000000
3,9,10,0.0421914,1.0000000
3,9,14,0.0361001,1.0000000
3,10,11,-0.0161506,1.0000000
3,12,13,0.0075396,1.0000000
3,13,14,0.0174717,1.0000000
2,2,1,-1.5258529,1.0000000
2,5,1,-0.7274751,1.0000000
2,3,2,-0.7091431,1.0000000
2,4,2,-0.5445484,1.0000000
2,5,2,-0.4061246,1.0000000
2,4,3,0.2365914,1.0000000
2,5,4,0.6167265,1.0000000
2,7,4,-0.2807418,1.0000000
2,9,4,-0.1607976,1.0000000
2,6,5,-0.4408732,1.0000000
2,11,6,-0.0729790,1.0000000
2,12,6,-0.0771426,1.0000000
2,13,6,-0.1753589,1.0000000
2,8,7,0.0000000,1.0000000
2,9,7,-0.2807418,1.0000000
2,10,9,-0.0521468,1.0000000
2,14,9,-0.0931023,1.0000000
2,11,10,0.0379790,1.0000000
2,13,12,-0.0160796,1.0000000
2,14,13,-0.0558977,1.0000000
3,2,1,0.2767625,1.0000000
3,5,1,0.0222936,1.0000000
3,3,2,0.0160223,1.0000000
3,4,2,0.0302069,1.0000000
3,5,2,-0.0209903,1.0000000
3,4,3,-0.0483565,1.0000000
3,5,4,-0.1420100,1.0000000
3,7,4,0.1138428,1.0000000
3,9,4,0.0173232,1.0000000
3,6,5,-0.0804952,1.0000000
3,11,6,-0.0344451,1.0000000
3,12,6,-0.0235396,1.0000000
3,13,6,-0.0679891,1.0000000
3,8,7,0.1762345,1.0000000
3,9,7,-0.0497662,1.0000000
3,10,9,-0.0418494,1.0000000
3,14,9,-0.0336293,1.0000000
3,11,10,0.0164451,1.0000000
3,13,12,-0.0074826,1.0000000
3,14,13,-0.0163707,1.0000000
4,1,-1,1.0600000,1.0000000
4,2,-1,1.0450000,1.0000000
4,3,-1,1.0100000,1.0000000
4,4,-1,1.0176709,1.0000000
4,5,-1,1.0195139,1.0000000
4,6,-1,1.0700000,1.0000000
4,7,-1,1.0615195,1.0000000
4,8,-1,1.0900000,1.0000000
4,9,-1,1.0559317,1.0000000
4,10,-1,1.0509846,1.0000000
4,11,-1,1.0569065,1.0000000
4,12,-1,1.0551886,1.0000000
4,13,-1,1.0503817,1.0000000
4,14,-1,1.0355299,1.0000000
5,1,-1,0.0000000,1.0000000
5,2,-1,-0.0869626,1.0000000
5,3,-1,-0.2220949,1.0000000
5,4,-1,-0.1799941,1.0000000
5,5,-1,-0.1531326,1.0000000
5,6,-1,-0.2482023,1.0000000
5,7,-1,-0.2331695,1.0000000
5,8,-1,-0.2331695,1.0000000
5,9,-1,-0.2607264,1.0000000
5,10,-1,-0.2634974,1.0000000
5,11,-1,-0.2581451,1.0000000
5,12,-1,-0.2631186,1.0000000
5,13,-1,-0.2645269,1.0000000
5,14,-1,-0.2798399,1.0000000
8,1,2,1.4800273,1.0000000
8,1,5,0.7123621,1.0000000
8,2,3,0.6952307,1.0000000
8,2,4,0.5364023,1.0000000
8,2,5,0.3948098,1.0000000
8,3,4,-0.2346442,1.0000000
8,4,5,-0.6190903,1.0000000
8,4,7,0.2884407,1.0000000
8,4,9,0.1562051,1.0000000
8,5,6,0.4087164,1.0000000
8,6,11,0.0584418,1.0000000
8,6,12,0.0647895,1.0000000
8,6,13,0.1442174,1.0000000
8,7,8,0.0373589,1.0000000
8,7,9,0.2447362,1.0000000
8,9,10,0.0375333,1.0000000
8,9,14,0.0774406,1.0000000
8,10,11,-0.0307713,1.0000000
8,12,13,0.0129133,1.0000000
8,13,14,0.0475135,1.0000000
9,1,2,0.1924933,1.0000000
9,1,5,-0.0363678,1.0000000
9,2,3,-0.0948101,1.0000000
9,2,4,-0.0318727,1.0000000
9,2,5,-0.0456687,1.0000000
9,3,4,0.0075839,1.0000000
9,4,5,-0.0453902,1.0000000
9,4,7,0.0442061,1.0000000
9,4,9,-0.0241528,1.0000000
9,5,6,-0.1868499,1.0000000
9,6,11,-0.0491382,1.0000000
9,6,12,-0.0405555,1.0000000
9,6,13,-0.1061255,1.0000000
9,7,8,0.1573077,1.0000000
9,7,9,-0.1140742,1.0000000
9,9,10,-0.0513680,1.0000000
9,9,14,-0.0560449,1.0000000
9,10,11,0.0242177,1.0000000
9,12,13,-0.0108783,1.0000000
9,13,14,-0.0301033,1.0000000
8,2,1,-1.4776312,1.0000000
8,5,1,-0.7085365,1.0000000
8,3,2,-0.6883708,1.0000000
8,4,2,-0.5317621,1.0000000
8,5,2,-0.3905493,1.0000000
8,4,3,0.2372340,1.0000000
8,5,4,0.6190903,1.0000000
8,7,4,-0.2820950,1.0000000
8,9,4,-0.1513627,1.0000000
8,6,5,-0.3809237,1.0000000
8,11,6,-0.0584418,1.0000000
8,12,6,-0.0647895,1.0000000
8,13,6,-0.1442174,1.0000000
8,8,7,-0.0373589,1.0000000
8,9,7,-0.2447362,1.0000000
8,10,9,-0.0375333,1.0000000
8,14,9,-0.0774406,1.0000000
8,11,10,0.0307713,1.0000000
8,13,12,-0.0129133,1.0000000
8,14,13,-0.0475135,1.0000000
9,2,1,-0.1370256,1.0000000
9,5,1,0.0872304,1.0000000
9,3,2,0.1391848,1.0000000
9,4,2,0.0665915,1.0000000
9,5,2,0.0811101,1.0000000
9,4,3,0.0051292,1.0000000
9,5,4,0.0453902,1.0000000
9,7,4,-0.0432335,1.0000000
9,9,4,0.0234040,1.0000000
9,6,5,0.1741441,1.0000000
9,11,6,0.0491382,1.0000000
9,12,6,0.0405555,1.0000000
9,13,6,0.1061255,1.0000000
9,8,7,-0.1573077,1.0000000
9,9,7,0.1140742,1.0000000
9,10,9,0.0513680,1.0000000
9,14,9,0.0560449,1.0000000
9,11,10,-0.0242177,1.0000000
9,13,12,0.0108783,1.0000000
9,14,13,0.0301033,1.0000000
6,1,-1,2.1923894,1.0000000
6,2,-1,0.1488116,1.0000000
6,3,-1,-0.9230150,1.0000000
6,4,-1,-0.4689726,1.0000000
6,5,-1,-0.0712792,1.0000000
6,6,-1,-0.1134750,1.0000000
6,7,-1,0.0000000,1.0000000
6,8,-1,-0.0373589,1.0000000
6,9,-1,-0.2294069,1.0000000
6,10,-1,-0.0683046,1.0000000
6,11,-1,-0.0276705,1.0000000
6,12,-1,-0.0518761,1.0000000
6,13,-1,-0.1096172,1.0000000
6,14,-1,-0.1249541,1.0000000
7,1,-1,0.1561255,1.0000000
7,2,-1,-0.3093771,1.0000000
7,3,-1,0.1467687,1.0000000
7,4,-1,0.0463838,1.0000000
7,5,-1,0.0268809,1.0000000
7,6,-1,-0.0216751,1.0000000
7,7,-1,0.0000000,1.0000000
7,8,-1,-0.1573077,1.0000000
7,9,-1,0.2239117,1.0000000
7,10,-1,0.0755857,1.0000000
7,11,-1,0.0249205,1.0000000
7,12,-1,0.0296772,1.0000000
7,13,-1,0.0869005,1.0000000
7,14,-1,0.0861482,1.0000000
