,type,de,val,sample,method,scenario
0,x_tcsc,1-14,-0.005982719469800312,0,LM,0
1,B_svc,2,0.11634848479563895,0,LM,0
2,UPFC_Vsh,5-15,1.0126446821869908,0,LM,0
3,UPFC_tsh,5-15,-0.24834422634471973,0,LM,0
4,UPFC_Vse,5-15,0.06882890867162456,0,LM,0
5,UPFC_tse,5-15,-2.2081014511177948,0,LM,0
0,x_tcsc,1-14,-0.033369394000654994,0,LM,1
1,B_svc,2,0.1199181411604259,0,LM,1
2,UPFC_Vsh,5-15,1.0126394986223346,0,LM,1
3,UPFC_tsh,5-15,-0.2463591628502567,0,LM,1
4,UPFC_Vse,5-15,0.06407676886825624,0,LM,1
5,UPFC_tse,5-15,-2.191242054616604,0,LM,1
0,x_tcsc,1-14,-0.1210003592741731,0,LM,2
1,B_svc,2,-0.11938399895096326,0,LM,2
2,UPFC_Vsh,5-15,1.1195264927305946,0,LM,2
3,UPFC_tsh,5-15,-0.2372523937871379,0,LM,2
4,UPFC_Vse,5-15,0.04433603417545814,0,LM,2
5,UPFC_tse,5-15,-2.0326344492889152,0,LM,2
0,x_tcsc,1-14,-0.14002717860855973,0,LM,3
1,B_svc,2,-0.09550610074848738,0,LM,3
2,UPFC_Vsh,5-15,1.1221043519732332,0,LM,3
3,UPFC_tsh,5-15,-0.23470490560470142,0,LM,3
4,UPFC_Vse,5-15,0.039821104507616396,0,LM,3
5,UPFC_tse,5-15,-1.981981794556078,0,LM,3
0,x_tcsc,1-14,-0.005982719467457576,0,GNbc,0
1,B_svc,2,0.11634849146383107,0,GNbc,0
2,UPFC_Vsh,5-15,1.012644673325429,0,GNbc,0
3,UPFC_tsh,5-15,-0.248344229122149,0,GNbc,0
4,UPFC_Vse,5-15,0.06882890883371563,0,GNbc,0
5,UPFC_tse,5-15,-2.2081014540832427,0,GNbc,0
0,x_tcsc,1-14,-0.03336939557864426,0,GNbc,1
1,B_svc,2,0.11991813971024463,0,GNbc,1
2,UPFC_Vsh,5-15,1.0126395055266613,0,GNbc,1
3,UPFC_tsh,5-15,-0.24635916056479618,0,GNbc,1
4,UPFC_Vse,5-15,0.06407676866111622,0,GNbc,1
5,UPFC_tse,5-15,-2.191242051847197,0,GNbc,1
0,x_tcsc,1-14,-0.1210003513235768,0,GNbc,2
1,B_svc,2,-0.11938398325263691,0,GNbc,2
2,UPFC_Vsh,5-15,1.119526467679591,0,GNbc,2
3,UPFC_tsh,5-15,-0.23725240719020327,0,GNbc,2
4,UPFC_Vse,5-15,0.04433603464707896,0,GNbc,2
5,UPFC_tse,5-15,-2.032634485814406,0,GNbc,2
0,x_tcsc,1-14,-0.14002718986368465,0,GNbc,3
1,B_svc,2,-0.09550611370393379,0,GNbc,3
2,UPFC_Vsh,5-15,1.1221043764282008,0,GNbc,3
3,UPFC_tsh,5-15,-0.23470490397639063,0,GNbc,3
4,UPFC_Vse,5-15,0.03982110427864508,0,GNbc,3
5,UPFC_tse,5-15,-1.9819817731977107,0,GNbc,3
0,x_tcsc,1-14,-0.005982719478608858,0,GN,0
1,B_svc,2,0.11634848309995681,0,GN,0
2,UPFC_Vsh,5-15,1.0126446853208633,0,GN,0
3,UPFC_tsh,5-15,-0.24834422548512855,0,GN,0
4,UPFC_Vse,5-15,0.06882890858032141,0,GN,0
5,UPFC_tse,5-15,-2.208101450056463,0,GN,0
0,x_tcsc,1-14,-0.03336939010124147,0,GN,1
1,B_svc,2,0.11991809496464516,0,GN,1
2,UPFC_Vsh,5-15,1.0126395622021835,0,GN,1
3,UPFC_tsh,5-15,-0.24635915066122796,0,GN,1
4,UPFC_Vse,5-15,0.06407676715201097,0,GN,1
5,UPFC_tse,5-15,-2.1912420377912527,0,GN,1
0,x_tcsc,1-14,-0.12100034889206673,0,GN,2
1,B_svc,2,-0.1193839787217551,0,GN,2
2,UPFC_Vsh,5-15,1.1195264657208837,0,GN,2
3,UPFC_tsh,5-15,-0.23725241077936537,0,GN,2
4,UPFC_Vse,5-15,0.04433603475917497,0,GN,2
5,UPFC_tse,5-15,-2.032634493818433,0,GN,2
0,x_tcsc,1-14,-0.14002718133572709,0,GN,3
1,B_svc,2,-0.09550610366709009,0,GN,3
2,UPFC_Vsh,5-15,1.1221043599788052,0,GN,3
3,UPFC_tsh,5-15,-0.23470490516862363,0,GN,3
4,UPFC_Vse,5-15,0.03982110443059296,0,GN,3
5,UPFC_tse,5-15,-1.981981787389641,0,GN,3
