,tipo,de,val,sample,method,scenario
0,x_tcsc,1-14,-0.006133013369657355,0,LM,0
1,B_svc,2,0.1188387898519253,0,LM,0
2,UPFC_Vsh,5-15,1.0195822753484485,0,LM,0
3,UPFC_tsh,5-15,-0.24712876496366856,0,LM,0
4,UPFC_Vse,5-15,0.06823652123196085,0,LM,0
5,UPFC_tse,5-15,-2.2043728552978297,0,LM,0
0,x_tcsc,1-14,-0.033280838105366445,0,LM,1
1,B_svc,2,0.12417509298571516,0,LM,1
2,UPFC_Vsh,5-15,1.018901816451003,0,LM,1
3,UPFC_tsh,5-15,-0.24640016715147164,0,LM,1
4,UPFC_Vse,5-15,0.06391413606392307,0,LM,1
5,UPFC_tse,5-15,-2.1902990955329735,0,LM,1
0,x_tcsc,1-14,-0.12167749619616375,0,LM,2
1,B_svc,2,-0.11906697329641944,0,LM,2
2,UPFC_Vsh,5-15,1.126945688746674,0,LM,2
3,UPFC_tsh,5-15,-0.2356537804842163,0,LM,2
4,UPFC_Vse,5-15,0.044551110259857245,0,LM,2
5,UPFC_tse,5-15,-2.021501337075734,0,LM,2
0,x_tcsc,1-14,-0.13986297828389124,0,LM,3
1,B_svc,2,-0.09657043958966724,0,LM,3
2,UPFC_Vsh,5-15,1.1267915995890647,0,LM,3
3,UPFC_tsh,5-15,-0.23293186467888774,0,LM,3
4,UPFC_Vse,5-15,0.03928338668285232,0,LM,3
5,UPFC_tse,5-15,-1.9744412966355231,0,LM,3
0,x_tcsc,1-14,-0.006133018053909111,0,GNbc,0
1,B_svc,2,0.11883878271628401,0,GNbc,0
2,UPFC_Vsh,5-15,1.0195822790768347,0,GNbc,0
3,UPFC_tsh,5-15,-0.24712876078530233,0,GNbc,0
4,UPFC_Vse,5-15,0.06823652095425001,0,GNbc,0
5,UPFC_tse,5-15,-2.2043728508113567,0,GNbc,0
0,x_tcsc,1-14,-0.03328083794063021,0,GNbc,1
1,B_svc,2,0.12417509363266123,0,GNbc,1
2,UPFC_Vsh,5-15,1.0189018159053864,0,GNbc,1
3,UPFC_tsh,5-15,-0.2464001671699652,0,GNbc,1
4,UPFC_Vse,5-15,0.06391413610624104,0,GNbc,1
5,UPFC_tse,5-15,-2.1902990956450084,0,GNbc,1
0,x_tcsc,1-14,-0.006133013530985616,0,GN,0
1,B_svc,2,0.11883878958774576,0,GN,0
2,UPFC_Vsh,5-15,1.019582275513809,0,GN,0
3,UPFC_tsh,5-15,-0.2471287647870489,0,GN,0
4,UPFC_Vse,5-15,0.06823652122146454,0,GN,0
5,UPFC_tse,5-15,-2.2043728551136104,0,GN,0
0,x_tcsc,1-14,-0.03328083805939261,0,GN,1
1,B_svc,2,0.12417509340220798,0,GN,1
2,UPFC_Vsh,5-15,1.01890181602127,0,GN,1
3,UPFC_tsh,5-15,-0.24640016703510384,0,GN,1
4,UPFC_Vse,5-15,0.06391413609785687,0,GN,1
5,UPFC_tse,5-15,-2.190299095499269,0,GN,1
0,x_tcsc,1-14,-0.12167749379505947,0,GN,2
1,B_svc,2,-0.11906696752682332,0,GN,2
2,UPFC_Vsh,5-15,1.1269456892724714,0,GN,2
3,UPFC_tsh,5-15,-0.2356537828242481,0,GN,2
4,UPFC_Vse,5-15,0.044551110280709925,0,GN,2
5,UPFC_tse,5-15,-2.0215013391255297,0,GN,2
0,x_tcsc,1-14,-0.13986297827571756,0,GN,3
1,B_svc,2,-0.09657043957325652,0,GN,3
2,UPFC_Vsh,5-15,1.1267915995717515,0,GN,3
3,UPFC_tsh,5-15,-0.2329318647032837,0,GN,3
4,UPFC_Vse,5-15,0.03928338668326059,0,GN,3
5,UPFC_tse,5-15,-1.974441296663705,0,GN,3
