,0
0,v
1,teta
2,v
3,teta
4,v
5,teta
6,v
7,teta
8,v
9,teta
10,v
11,teta
12,v
13,teta
14,v
15,teta
16,v
17,teta
18,v
19,teta
20,v
21,teta
22,v
23,teta
24,v
25,teta
26,v
27,teta
method,PF
scenario,tipo
0,0
1,0
2,1
3,1
4,2
5,2
6,3
7,3
8,4
9,4
10,5
11,5
12,6
13,6
14,7
15,7
16,8
17,8
18,9
19,9
20,10
21,10
22,11
23,11
24,12
25,12
26,13
27,13
method,PF
scenario,de
0,1.06
1,0.0
2,1.045
3,-0.08696258580158332
4,1.01
5,-0.22209489156810266
6,1.0176708536917647
7,-0.17999407949370588
8,1.0195138598190605
9,-0.1531326386141936
10,1.07
11,-0.2482023385414457
12,1.0615195324909383
13,-0.23316948436482862
14,1.09
15,-0.23316948436482862
16,1.0559317206369714
17,-0.2607263819810348
18,1.0509846249998471
19,-0.26349739180394394
20,1.056906518540365
21,-0.25814505286457373
22,1.0551885631971039
23,-0.263118586544095
24,1.0503817136285951
25,-0.26452692440917686
26,1.0355299458535658
27,-0.2798398881290128
method,PF
scenario,val
0,ref
1,ref
2,ref
3,ref
4,ref
5,ref
6,ref
7,ref
8,ref
9,ref
10,ref
11,ref
12,ref
13,ref
14,ref
15,ref
16,ref
17,ref
18,ref
19,ref
20,ref
21,ref
22,ref
23,ref
24,ref
25,ref
26,ref
27,ref
method,PF
scenario,sample
