medida	zmed	sigma
P1	2,3741466	0,0200000
P2	0,2830000	0,0200000
P3	-0,8420000	0,0200000
P4	-0,6780000	0,0200000
P6	-0,1120000	0,0200000
P7	0,0000000	0,0000000
P8	0,0000000	0,0000000
P9	-0,2450000	0,0200000
P10	-0,0900000	0,0200000
P12	-0,0610000	0,0200000
P14	-0,1390000	0,0200000
Q1	-0,3571104	0,0200000
Q2	0,4567251	0,0200000
Q3	0,2086244	0,0200000
Q4	0,0890000	0,0200000
Q6	-0,0470050	0,0200000
Q7	0,0000000	0,0000000
Q8	0,1505285	0,0200000
Q9	-0,1360000	0,0200000
Q10	-0,0580000	0,0200000
Q12	-0,0160000	0,0200000
Q14	-0,0800000	0,0200000
P1-2	1,1770336	0,0200000
Q1-2	-0,7801522	0,0200000
P1-5	0,7971130	0,0200000
Q1-5	0,0230418	0,0200000
P3-2	-0,6999597	0,0200000
Q3-2	0,0873353	0,0200000
P5-2	-0,4586227	0,0200000
Q5-2	-0,0433569	0,0200000
P4-3	0,1443508	0,0200000
Q4-3	-0,1288204	0,0200000
P4-5	-0,6272265	0,0200000
Q4-5	0,2410726	0,0200000
P9-4	-0,1482169	0,0200000
Q9-4	0,0007739	0,0200000
P6-5	-0,4157307	0,0200000
Q6-5	-0,1532596	0,0200000
P6-11	0,0610045	0,0200000
Q6-11	0,0124328	0,0200000
P6-12	0,0752164	0,0200000
Q6-12	0,0247140	0,0200000
P12-6	-0,0745176	0,0200000
Q12-6	-0,0232596	0,0200000
P6-13	0,1675098	0,0200000
Q6-13	0,0691078	0,0200000
P7-8	-0,0000000	0,0000000
Q7-8	-0,1471066	0,0200000
P8-7	0,0000000	0,0000000
Q8-7	0,1505285	0,0200000
P9-7	-0,2583951	0,0200000
Q9-7	-0,0626933	0,0200000
P10-9	-0,0643821	0,0200000
Q10-9	-0,0643900	0,0200000
P10-11	-0,0256179	0,0200000
Q10-11	0,0063900	0,0200000
P12-13	0,0135176	0,0200000
Q12-13	0,0072596	0,0200000
P14-13	-0,0436637	0,0200000
Q14-13	-0,0137412	0,0200000
V1	1,0550000	0,0200000
