Tipo,de,para,Res,Rn,bhat,dCov
0,3,-1,0.0015997715357983777,0.28182720708379133,0.3117938265914413,3.2221822204255236e-05
0,4,-1,0.00012015832503609047,0.06458225728903137,0.11061377465276072,3.461635138272999e-06
0,5,-1,9.602713310741251e-06,0.2395574062529342,3.027942156591312,1.6068255245622065e-09
0,10,-1,-4.1290160191831404e-05,0.46403100887275955,3.1289504743273633,7.917701580247856e-09
0,14,-1,-1.454925659261086e-05,0.017979934613920386,0.022071427477089726,6.547950540879905e-07
0,200,-1,-8.388943872894572e-09,0.2576271169056751,79.11810159987286,1.0603065168727525e-15
0,600,-1,-1.144806643926799e-08,0.07299393001690957,4.654160462449396,2.4597489776369017e-14
1,3,-1,-4.408587306922729e-06,0.05780847918654894,0.22235405805546574,5.815884905991159e-09
1,4,-1,1.212369868497376e-05,0.1899080793108058,0.7734372716122749,4.075523347255364e-09
1,5,-1,3.216772276104507e-06,0.3906382333941432,5.06008603378652,6.780959332048664e-11
1,10,-1,-4.7095108084427295e-05,0.6762412899669,3.754605442714784,4.850072460915033e-09
1,14,-1,1.0384010886266282e-05,0.038934169905895676,0.048660374841800434,7.113255854156322e-08
1,200,-1,4.821943111465998e-08,0.33260747651049183,22.942562961312834,2.1017456156040876e-14
1,600,-1,8.228912840024805e-08,1.4394558814948588,251.79914711113835,3.2680463514011635e-15
0,7,-1,9.701791314764563e-09,0.1907278420632188,37.49525067884323,2.5874720502239014e-15
1,7,-1,-9.858991845135279e-09,0.1089786053880663,12.046197642599747,8.184318519123653e-15
2,1,5,-0.000913896552122484,0.2290091873290893,0.2699541022793104,1.5925323622978263e-05
3,1,5,1.792525076105278e-05,0.414412521454973,2.316103051717457,1.8709610287365736e-09
2,2,5,-0.00017116762076341274,0.09404169863578035,0.11616596660301833,3.3128540105085432e-06
3,2,5,-9.955916125292674e-06,0.0925156653229273,0.13531146976957162,1.1580622518805715e-08
2,2,4,-0.00030644332895746196,0.11117189019879535,0.12219978238768178,7.598193746208112e-06
3,2,4,6.143883038767228e-06,0.23028934931309505,0.635310363349104,7.117675322742751e-10
2,2,200,-0.001346356663993964,0.2220810503495204,0.23609885946090395,3.675337645448343e-05
3,2,200,1.6678783172352496e-06,0.43085287387645477,5.715389090419331,1.498548272448674e-11
2,3,200,0.0013073739228224301,0.2244243761684827,0.23790950225687765,3.393591653710761e-05
3,3,200,2.706653727102548e-05,0.4002748424873977,1.089501527557806,4.572448324946955e-09
2,4,9,-0.00017457454039060405,0.17656702978129765,0.19278168105991103,9.775581300299542e-07
3,4,9,1.1554390026979888e-05,0.30743558580210834,0.6383282115314305,1.4124912789786953e-09
2,4,7,-0.0003012953673615093,0.1747004698186459,0.19078854263235306,2.9743821245035215e-06
3,4,7,0.00011918963217283363,0.17697303541866666,0.18590342932357382,4.535892561719121e-07
2,7,9,-0.0003012759637839313,0.17468933886242152,0.19077651751326039,2.974378043395451e-06
3,7,9,7.930195732086531e-06,0.039722875114257775,0.050154112286603124,3.985533496436476e-08
2,9,7,0.0003012759637839313,0.17468933886242152,0.19077651751326039,2.974378043395451e-06
3,9,7,-9.88937343926466e-06,0.07702181364521128,0.11958696471845401,1.6485801720446605e-08
2,8,7,9.701790919769776e-09,0.19072783424369877,37.49524913092547,2.587472051697317e-15
3,8,7,-0.00011439995324469265,0.10897862134492702,0.11460571847986942,1.1019682327467427e-06
2,9,14,4.710747137215421e-05,0.12363049800571174,0.20715399122241254,1.451872062341609e-07
3,9,14,2.638184767977947e-05,0.3317825629417172,0.734255188521025,6.3227105683134505e-09
2,10,11,2.475499868870301e-05,0.5020105091000134,2.472010542349341,2.431645145273477e-09
3,10,11,4.8910993981188255e-05,0.6889600585406012,2.0952233534675053,5.03993444319468e-09
2,6,11,-7.81903440509879e-05,0.5407334265325184,1.801032116155704,2.0909315407941096e-08
3,6,11,-9.034775550009755e-05,0.6908899577586469,1.8366561544067843,1.7100821565727232e-08
2,6,5,0.0004823603631660678,0.17719986315429265,0.1901131839289484,7.409970220331608e-06
3,6,5,0.00013279372127605882,1.3775000477223682,4.078630158715586,9.29334023985455e-09
2,6,600,-2.0209290247430456e-05,0.05239025058046622,0.06348024556197937,1.4879939700968068e-07
3,6,600,6.707701990582571e-05,8.037295253492921,300.1544746745661,6.965105096358144e-11
2,12,600,1.6821067360783815e-05,0.043819471937847146,0.052915848627352574,1.473576953725114e-07
3,12,600,3.134124717840692e-05,1.3179317378415947,7.870019200402164,5.655183688099591e-10
2,13,12,1.4126614478193744e-06,0.6818634625336671,18.68115665854402,4.292213808806808e-12
3,13,12,7.965791182229509e-07,0.7248736276018007,23.231904154441093,1.2076281722940078e-12
2,13,14,-2.8951708592517278e-05,0.18809871623940078,0.4474413060394153,2.3690636796841825e-08
3,13,14,-2.9127346571566903e-05,0.33796508513890505,0.7096121383100485,7.427765332763934e-09
4,1,-1,-0.0009655600731335312,0.28398051114886036,0.29510895259539244,1.1560630613656767e-05
4,10,-1,-0.000995418692096628,0.29456675400449883,0.3068524159020072,1.141942207720326e-05
10,2,200,9.399071203369802e-06,0.012062172892732249,0.01259201218788903,6.071818499652844e-07
11,3,-1,-3.25493603746535e-05,0.057754549610780505,0.08214147127218233,3.176234176890905e-07
12,6,-1,0.05948010574874041,8.00287556753141,8.080971374064227,5.523970304946639e-05
13,6,-1,6.753997977726467e-06,0.8617642654636092,1.0995526674410123,6.142496105661804e-11
14,6,-1,2.398506848848292e-05,0.13485650064218482,0.22337652724294857,3.163283774075139e-08
15,6,-1,-0.0001553649714449712,0.005257250226028055,0.005299913933501762,0.0008733512022031522
-1,6,6,4.089853727190539e-06,0.858667032517243,1.802776142897538,2.2686420292965843e-11
