WLS,MAP_SCADA,MAP_PMU
0.00013884419195598895,0.00145829234581287,0.00013880739566452977
0.00015009035731692685,0.0014635924918637376,0.00015024380543150187
0.0001507943507156933,0.001461837117606995,0.00015090192780944624
0.00016090966687099282,0.0014590416746850206,0.00016085849896774117
0.00017798055039420217,0.0014673716005829843,0.00017763410212782792
0.00018498518447469006,0.0014682362843118722,0.0001839636954410044
0.0001992856406661728,0.001465649591275909,0.00019818981245760592
0.000216486472686476,0.001473189609018133,0.00021589846196311935
0.0002335448593955024,0.0014747280850299321,0.0002325690412049703
0.00019076574406193893,0.001464065249745647,0.00019029002148643836
0.0001998724951396586,0.0014658827494071626,0.00019844289319208294
0.00020270960898569865,0.0014608838488963394,0.0002015715324835514
0.00021903273792871344,0.001464851617383515,0.00021781591715869675
0.00023057002751358663,0.0014606332916732873,0.00022888369478539644
0.00023737757332235838,0.0014595669467936615,0.00023613884029086558
0.00024947879665884325,0.0014623242303997796,0.00024858922126032355
0.0002404963694890969,0.001460846624817102,0.00024020180434459402
0.00022608955134110478,0.0014588385338731617,0.0002258667663069775
0.00022067904524143274,0.0014579719804234381,0.00022028977130009365
0.00025907804158989,0.001470467614770458,0.0002588866440546257
0.00013908981819755862,0.001459497543806031,0.00013904115515446283
0.0001407351233354655,0.0014637304886536255,0.00014071184828853795
0.00015939886467529002,0.0014731559062627047,0.0001592189671826063
0.00016952288441217912,0.0014764517415070352,0.00016936742052705826
0.00021311507378666983,0.0014862882313128303,0.00021301614257671067
0.002666479984180234,0.004555039927323804,0.012748682992501831
0.0026693828867413783,0.0045138488951086625,0.012526757263697914
0.00264270631236822,0.004551103118640915,0.01263643335367307
0.0026484602189372907,0.0045953626754664054,0.012856946172189307
0.002661207346635536,0.0045728086508368525,0.012806213265384617
0.0026225473472827167,0.004591952836942459,0.01277141770218286
0.0024838236359942473,0.004445446550915104,0.011814629970818499
0.0024688122617193406,0.004530282084153231,0.012157135113041187
0.002544694739947948,0.004573592477116491,0.012527508249062045
0.0024794294633042288,0.004531133135046104,0.01221321903807271
0.0024948958192104486,0.0045662928168639415,0.012381155558908405
0.0026038556030018524,0.004644090702895608,0.013005201612474999
0.0025890980758334087,0.004630045893188988,0.012916269270205621
0.0026573648495277257,0.004722038262473846,0.013538589696420956
0.002741032294795638,0.004817835601369916,0.014165335743202584
0.00014362882311888897,0.0014875687139930636,0.00014365948708528197
0.00014810580969022445,0.0015119873740853033,0.00014804595576901485
0.00014649916166961812,0.0014899304003622561,0.00014655502966907718
0.0001444176022137186,0.001510243169030294,0.0001445704970787341
0.00015107914424139095,0.0015376703719603864,0.00015144162382175948
0.0001581484622943448,0.001578384163923192,0.00015903924026298668
0.0001468162460814448,0.0015034783807649245,0.00014690410252994404
0.0001456516608982972,0.0015439417633858628,0.0001460397251947196
0.0001551853378200622,0.0015438330117824833,0.00015600541795860807
0.00015530132459672634,0.0015559617239279627,0.00015634264246756476
0.00015281654946730706,0.0015275213323436738,0.0001531754992900905
0.0001776976616225213,0.0014910891250214664,0.00017782454665602173
0.0001938785429429135,0.001483773109473597,0.00019361078126033327
0.0001529333020760688,0.0014906245319221058,0.00015300963476372738
0.0001599464636745159,0.0015470114196246838,0.00016081258415392123
0.0001741459599912641,0.0016232022902116807,0.0001766820612058865
0.00017263841391558054,0.001592632260065792,0.0001744952837432581
0.000179980247079141,0.0014849427665840358,0.00017998983214681917
0.00020176897186472017,0.0015672974884592752,0.0002020804906946242
0.00020312148453087686,0.0016339028217750896,0.00020376439238573864
