,n,convMAP_SCADA,convMAP_PMU,convWLS,nitsMAP_SCADA,nitsMAP_PMU,nitsWLS,caso
0,0,1,1,1,7,3,7,0
1,0,1,1,1,7,3,7,1
2,0,1,1,1,7,3,7,2
3,0,1,1,1,7,3,7,3
4,0,1,1,1,7,3,7,4
5,0,1,1,1,7,3,7,5
6,0,1,1,1,7,3,7,6
7,0,1,1,1,7,3,7,7
8,0,1,1,1,7,3,7,8
9,0,1,1,1,7,3,7,9
10,0,1,1,1,7,3,7,10
11,0,1,1,1,7,3,7,11
12,0,1,1,1,7,3,7,12
13,0,1,1,1,7,3,7,13
14,0,1,1,1,7,3,7,14
15,0,1,1,1,7,3,7,15
16,0,1,1,1,7,3,7,16
17,0,1,1,1,7,3,7,17
18,0,1,1,1,7,3,7,18
19,0,1,1,1,7,3,7,19
20,0,1,1,1,7,3,7,20
21,0,1,1,1,7,3,7,21
22,0,1,1,1,7,3,7,22
23,0,1,1,1,7,3,7,23
24,0,1,1,1,7,3,7,24
25,0,1,1,1,7,3,8,25
26,0,1,1,1,7,3,8,26
27,0,1,1,1,7,3,8,27
28,0,1,1,1,7,3,8,28
29,0,1,1,1,7,3,8,29
30,0,1,1,1,7,3,8,30
31,0,1,1,1,7,3,8,31
32,0,1,1,1,7,3,8,32
33,0,1,1,1,7,3,8,33
34,0,1,1,1,7,3,8,34
35,0,1,1,1,7,3,8,35
36,0,1,1,1,7,3,8,36
37,0,1,1,1,7,3,8,37
38,0,1,1,1,7,3,8,38
39,0,1,1,1,7,3,8,39
40,0,1,1,1,7,3,8,40
41,0,1,1,1,7,3,8,41
42,0,1,1,1,7,3,8,42
43,0,1,1,1,7,3,8,43
44,0,1,1,1,7,3,8,44
45,0,1,1,1,7,3,8,45
46,0,1,1,1,7,3,8,46
47,0,1,1,1,7,3,8,47
48,0,1,1,1,7,3,8,48
49,0,1,1,1,7,3,8,49
50,0,1,1,1,7,3,8,50
51,0,1,1,1,7,3,8,51
52,0,1,1,1,7,3,8,52
53,0,1,1,1,7,3,8,53
54,0,1,1,1,7,3,8,54
55,0,1,1,1,7,3,8,55
56,0,1,1,1,7,3,8,56
57,0,1,1,1,7,3,8,57
58,0,1,1,1,7,3,8,58
59,0,1,1,1,7,3,8,59
