type,from,to,zmeas,prec
0,1,-1,1.9325636,1.0000000
0,2,-1,-0.4000000,1.0000000
0,3,-1,-0.4500000,1.0000000
0,4,-1,-0.4000000,1.0000000
0,5,-1,-0.6000000,1.0000000
0,6,-1,0.7531583,1.0000000
0,7,-1,0.7501879,1.0000000
0,8,-1,-0.4500000,1.0000000
0,9,-1,-0.4000000,1.0000000
0,10,-1,-0.6000000,1.0000000
1,1,-1,0.7425966,1.0000000
1,2,-1,-0.4862598,1.0000000
1,3,-1,-0.1500000,1.0000000
1,4,-1,-0.0500000,1.0000000
1,5,-1,-0.1000000,1.0000000
1,6,-1,1.0755732,1.0000000
1,7,-1,-0.9070098,1.0000000
1,8,-1,-0.1500000,1.0000000
1,9,-1,-0.0500000,1.0000000
1,10,-1,-0.1000000,1.0000000
2,1,2,1.4181218,1.0000000
2,1,3,0.5144418,1.0000000
2,2,3,0.2022709,1.0000000
2,2,4,0.2432090,1.0000000
2,2,5,0.5298098,1.0000000
2,3,4,0.2432111,1.0000000
2,4,5,0.0822483,1.0000000
2,6,7,0.4220326,1.0000000
2,6,8,0.3311258,1.0000000
2,7,8,0.2836889,1.0000000
2,7,9,0.3082685,1.0000000
2,7,10,0.5620367,1.0000000
2,8,9,0.1487879,1.0000000
2,9,10,0.0510929,1.0000000
3,1,2,0.5949716,1.0000000
3,1,3,0.1476250,1.0000000
3,2,3,-0.0104877,1.0000000
3,2,4,-0.0059105,1.0000000
3,2,5,0.0603217,1.0000000
3,3,4,0.0085425,1.0000000
3,4,5,-0.0011092,1.0000000
3,6,7,0.8859918,1.0000000
3,6,8,0.1895813,1.0000000
3,7,8,-0.0372678,1.0000000
3,7,9,-0.0265122,1.0000000
3,7,10,0.0517909,1.0000000
3,8,9,0.0462018,1.0000000
3,9,10,0.0106133,1.0000000
2,2,1,-1.3752897,1.0000000
2,3,1,-0.4934004,1.0000000
2,3,2,-0.1998107,1.0000000
2,4,2,-0.2396480,1.0000000
2,5,2,-0.5183549,1.0000000
2,4,3,-0.2426002,1.0000000
2,5,4,-0.0816451,1.0000000
2,7,6,-0.4038062,1.0000000
2,8,6,-0.3199456,1.0000000
2,8,7,-0.2788423,1.0000000
2,9,7,-0.3025642,1.0000000
2,10,7,-0.5492228,1.0000000
2,9,8,-0.1485287,1.0000000
2,10,9,-0.0507772,1.0000000
3,2,1,-0.5301833,1.0000000
3,3,1,-0.1369354,1.0000000
3,3,2,-0.0216072,1.0000000
3,4,2,-0.0227643,1.0000000
3,5,2,-0.0551188,1.0000000
3,4,3,-0.0261265,1.0000000
3,5,4,-0.0448812,1.0000000
3,7,6,-0.8950206,1.0000000
3,8,6,-0.2085080,1.0000000
3,8,7,0.0123062,1.0000000
3,9,7,0.0042496,1.0000000
3,10,7,-0.0425113,1.0000000
3,9,8,-0.0648629,1.0000000
3,10,9,-0.0574887,1.0000000
4,1,-1,1.0600000,1.0000000
4,2,-1,1.0000000,1.0000000
4,3,-1,0.9868025,1.0000000
4,4,-1,0.9838085,1.0000000
4,5,-1,0.9716584,1.0000000
4,6,-1,1.0600000,1.0000000
4,7,-1,1.0000000,1.0000000
4,8,-1,0.9874623,1.0000000
4,9,-1,0.9842636,1.0000000
4,10,-1,0.9716650,1.0000000
5,1,-1,0.0000000,1.0000000
5,2,-1,-0.0684626,1.0000000
5,3,-1,-0.1047880,1.0000000
5,4,-1,-0.1121153,1.0000000
5,5,-1,-0.1308339,1.0000000
5,6,-1,0.0000000,1.0000000
5,7,-1,-0.0065359,1.0000000
5,8,-1,-0.0593220,1.0000000
5,9,-1,-0.0633389,1.0000000
5,10,-1,-0.0732470,1.0000000
8,1,2,1.3378508,1.0000000
8,1,3,0.4853224,1.0000000
8,2,3,0.2025145,1.0000000
8,2,4,0.2430436,1.0000000
8,2,5,0.5244421,1.0000000
8,3,4,0.2442064,1.0000000
8,4,5,0.0832032,1.0000000
8,6,7,0.3981439,1.0000000
8,6,8,0.3123828,1.0000000
8,7,8,0.2839264,1.0000000
8,7,9,0.3084352,1.0000000
8,7,10,0.5616862,1.0000000
8,8,9,0.1476380,1.0000000
8,9,10,0.0511232,1.0000000
9,1,2,-0.5612939,1.0000000
9,1,3,-0.1392689,1.0000000
9,2,3,-0.0033741,1.0000000
9,2,4,-0.0107411,1.0000000
9,2,5,-0.0964242,1.0000000
9,3,4,-0.0343885,1.0000000
9,4,5,-0.0082330,1.0000000
9,6,7,-0.8358413,1.0000000
9,6,8,-0.1788503,1.0000000
9,7,8,0.0354129,1.0000000
9,7,9,0.0244968,1.0000000
9,7,10,-0.0554631,1.0000000
9,8,9,-0.0556393,1.0000000
9,9,10,-0.0140471,1.0000000
8,2,1,-1.3357985,1.0000000
8,3,1,-0.4827421,1.0000000
8,3,2,-0.1990820,1.0000000
8,4,2,-0.2394740,1.0000000
8,5,2,-0.5215145,1.0000000
8,4,3,-0.2420736,1.0000000
8,5,4,-0.0772824,1.0000000
8,7,6,-0.3979479,1.0000000
8,8,6,-0.3109192,1.0000000
8,8,7,-0.2826249,1.0000000
8,9,7,-0.3070585,1.0000000
8,10,7,-0.5605215,1.0000000
8,9,8,-0.1464296,1.0000000
8,10,9,-0.0477880,1.0000000
9,2,1,0.6230236,1.0000000
9,3,1,0.1903036,1.0000000
9,3,2,0.0429550,1.0000000
9,4,2,0.0502469,1.0000000
9,5,2,0.1258394,1.0000000
9,4,3,0.0539787,1.0000000
9,5,4,0.0567577,1.0000000
9,7,6,0.8976407,1.0000000
9,8,6,0.2299935,1.0000000
9,8,7,0.0043012,1.0000000
9,9,7,0.0151486,1.0000000
9,10,7,0.0849987,1.0000000
9,9,8,0.0753195,1.0000000
9,10,9,0.0628308,1.0000000
6,1,-1,1.8231732,1.0000000
6,2,-1,-0.3657983,1.0000000
6,3,-1,-0.4376177,1.0000000
6,4,-1,-0.3983444,1.0000000
6,5,-1,-0.5987969,1.0000000
6,6,-1,0.7105267,1.0000000
6,7,-1,0.7561000,1.0000000
6,8,-1,-0.4459060,1.0000000
6,9,-1,-0.4023649,1.0000000
6,10,-1,-0.6083095,1.0000000
7,1,-1,-0.7005628,1.0000000
7,2,-1,0.5124843,1.0000000
7,3,-1,0.1988701,1.0000000
7,4,-1,0.0959926,1.0000000
7,5,-1,0.1825970,1.0000000
7,6,-1,-1.0146917,1.0000000
7,7,-1,0.9020873,1.0000000
7,8,-1,0.1786553,1.0000000
7,9,-1,0.0764209,1.0000000
7,10,-1,0.1478295,1.0000000
