Pi_SCADA,Pf_SCADA,Vm_SCADA,Pi_PSEUDO,If_PMU,Ii_PMU,Vp_PMU,Pftf_CONV,Pfpr_CONV,Pifilt_CONV,Vmfilt_CONV,Vmconv_CONV,M_CONV,Iftf_CONV,Ifpr_CONV,Vpfilt_CONV,Vpconv_CONV,Vmdc_SCADAdc,Ifdc_SCADAdc,Pfdc_SCADAdc,Iidc_SCADAdc,Pi_SCADAdc,Vmdc_PMUdc,Ifdc_PMUdc,Pfdc_PMUdc,Iidc_PMUdc
3,2-1,2,,,,,1-0,1-0,1,,,1,,,,,1,,,,,,,,
5,2-3,7,,,,,2-0,2-0,2,,,2,,,,,2,,,,,,,,
6,2-4,,,,,,,,,,,,,,,,,,,,,,,,
9,2-5,,,,,,,,,,,,,,,,,,,,,,,,
,7-10,,,,,,,,,,,,,,,,,,,,,,,,
,7-9,,,,,,,,,,,,,,,,,,,,,,,,
,7-8,,,,,,,,,,,,,,,,,,,,,,,,
,7-6,,,,,,,,,,,,,,,,,,,,,,,,
,,,,,,,,,,,,,,,,,,,,,,,,,
,,,,,,,,,,,,,,,,,,,,,,,,,
,,,,,,,,,,,,,,,,,,,,,,,,,
,,,,,,,,,,,,,,,,,,,,,,,,,
,,,,,,,,,,,,,,,,,,,,,,,,,
,,,,,,,,,,,,,,,,,,,,,,,,,
,,,,,,,,,,,,,,,,,,,,,,,,,
,,,,,,,,,,,,,,,,,,,,,,,,,
,,,,,,,,,,,,,,,,,,,,,,,,,