,type,de,para,zmed,prec,sigma
0,0,1,-1,2.3741466,0.025272238875223625,0.019999999999999997
1,0,2,-1,0.283,0.21201413427561838,0.02
2,0,3,-1,-0.842,0.07125890736342043,0.02
3,0,4,-1,-0.678,0.08849557522123892,0.019999999999999997
5,0,6,-1,-0.112,0.5357142857142857,0.02
6,0,7,-1,0.0,0.02,0.0
7,0,8,-1,0.0,0.02,0.0
8,0,9,-1,-0.245,0.24489795918367346,0.02
9,0,10,-1,-0.09,0.6666666666666666,0.02
11,0,12,-1,-0.061,0.9836065573770492,0.02
13,0,14,-1,-0.139,0.43165467625899273,0.02
14,1,1,-1,-0.3571104,0.1680152692276674,0.02
15,1,2,-1,0.4567251,0.13137005170068383,0.019999999999999997
16,1,3,-1,0.2086244,0.28759819081564764,0.02
17,1,4,-1,0.089,0.6741573033707865,0.02
19,1,6,-1,-0.047005,1.2764599510690353,0.02
20,1,7,-1,0.0,0.02,0.0
21,1,8,-1,0.1505285,0.3985956147839113,0.02
22,1,9,-1,-0.136,0.4411764705882352,0.02
23,1,10,-1,-0.058,1.0344827586206895,0.019999999999999997
25,1,12,-1,-0.016,3.75,0.02
27,1,14,-1,-0.08,0.75,0.02
28,2,1,2,1.5770336,0.03804611391919614,0.02
48,3,1,2,-0.3801522,0.15783152116441782,0.019999999999999997
29,2,1,5,0.797113,0.07527163651828536,0.02
49,3,1,5,0.0230418,2.6039632320391632,0.02
70,2,3,2,-0.6999597,0.085719220692277,0.02
90,3,3,2,0.0873353,0.6870074299853552,0.02
72,2,5,2,-0.4586227,0.13082649419664574,0.02
92,3,5,2,-0.0433569,1.3838627761671154,0.02
73,2,4,3,0.1443508,0.4156540871266387,0.02
93,3,4,3,-0.1288204,0.4657647391251696,0.02
34,2,4,5,-0.6272265,0.09565922358191178,0.019999999999999997
54,3,4,5,0.2410726,0.24888767947912785,0.02
76,2,9,4,-0.1482169,0.40481213680761097,0.02
96,3,9,4,0.0007739,77.52939656286341,0.019999999999999997
77,2,6,5,-0.4157307,0.14432419833319982,0.019999999999999997
97,3,6,5,-0.1532596,0.3914926047046971,0.019999999999999997
38,2,6,11,0.0610045,0.9835340015900466,0.02
58,3,6,11,0.0124328,4.8259442764300875,0.02
39,2,6,12,0.0752164,0.7976983742907131,0.02
59,3,6,12,0.024714,2.4277737314882253,0.02
79,2,12,6,-0.0745176,0.8051789107539694,0.019999999999999997
99,3,12,6,-0.0232596,2.5795800443687766,0.019999999999999997
40,2,6,13,0.1675098,0.3581879985529205,0.02
60,3,6,13,0.0691078,0.8682087984279633,0.02
41,2,7,8,-0.0,0.02,0.0
61,3,7,8,-0.1471066,0.40786749200919603,0.02
81,2,8,7,0.0,0.02,0.0
101,3,8,7,0.1505285,0.3985956147839113,0.02
82,2,9,7,-0.2583951,0.2322025456365078,0.019999999999999997
102,3,9,7,-0.0626933,0.9570400664823834,0.02
83,2,10,9,-0.0643821,0.9319360505482114,0.02
103,3,10,9,-0.06439,0.9318217114458767,0.02
45,2,10,11,-0.0256179,2.342112351129484,0.02
65,3,10,11,0.00639,9.389671361502348,0.02
46,2,12,13,0.0135176,4.438657749896431,0.02
66,3,12,13,0.0072596,8.264918177310044,0.019999999999999997
87,2,14,13,-0.0436637,1.3741391590726393,0.02
107,3,14,13,-0.0137412,4.366430879399179,0.02
108,4,1,-1,1.055,0.05687203791469195,0.02
