0,1,-1,2.3741466,1.0000000
0,2,-1,0.2830000,1.0000000
0,3,-1,-0.8420000,1.0000000
0,4,-1,-0.6780000,1.0000000
0,5,-1,-0.1760000,1.0000000
0,6,-1,-0.1120000,1.0000000
0,7,-1,0.0000000,1.0000000
0,8,-1,0.0000000,1.0000000
0,9,-1,-0.2450000,1.0000000
0,10,-1,-0.0900000,1.0000000
0,11,-1,-0.0350000,1.0000000
0,12,-1,-0.0610000,1.0000000
0,13,-1,-0.1350000,1.0000000
0,14,-1,-0.1390000,1.0000000
1,1,-1,-0.3571104,1.0000000
1,2,-1,0.4567251,1.0000000
1,3,-1,0.2086244,1.0000000
1,4,-1,0.0890000,1.0000000
1,5,-1,-0.0160000,1.0000000
1,6,-1,-0.0470050,1.0000000
1,7,-1,0.0000000,1.0000000
1,8,-1,0.1505285,1.0000000
1,9,-1,-0.1360000,1.0000000
1,10,-1,-0.0580000,1.0000000
1,11,-1,-0.0180000,1.0000000
1,12,-1,-0.0160000,1.0000000
1,13,-1,-0.0580000,1.0000000
1,14,-1,-0.0800000,1.0000000
2,1,2,1.5770336,1.0000000
2,1,5,0.7971130,1.0000000
2,2,3,0.7222021,1.0000000
2,2,4,0.6221484,1.0000000
2,2,5,0.4702365,1.0000000
2,3,4,-0.1420403,1.0000000
2,4,5,-0.6272265,1.0000000
2,4,7,0.2583951,1.0000000
2,4,9,0.1482169,1.0000000
2,5,6,0.4157307,1.0000000
2,6,11,0.0610045,1.0000000
2,6,12,0.0752164,1.0000000
2,6,13,0.1675098,1.0000000
2,7,8,-0.0000000,1.0000000
2,7,9,0.2583951,1.0000000
2,9,10,0.0646254,1.0000000
2,9,14,0.0969866,1.0000000
2,10,11,-0.0256179,1.0000000
2,12,13,0.0135176,1.0000000
2,13,14,0.0440087,1.0000000
3,1,2,-0.3801522,1.0000000
3,1,5,0.0230418,1.0000000
3,2,3,-0.0410061,1.0000000
3,2,4,-0.0045312,1.0000000
3,2,5,0.0418449,1.0000000
3,3,4,0.1212891,1.0000000
3,4,5,0.2410726,1.0000000
3,4,7,-0.0636821,1.0000000
3,4,9,0.0103400,1.0000000
3,5,6,0.1981364,1.0000000
3,6,11,0.0124328,1.0000000
3,6,12,0.0247140,1.0000000
3,6,13,0.0691078,1.0000000
3,7,8,-0.1471066,1.0000000
3,7,9,0.0697677,1.0000000
3,9,10,0.0650361,1.0000000
3,9,14,0.0697693,1.0000000
3,10,11,0.0063900,1.0000000
3,12,13,0.0072596,1.0000000
3,13,14,0.0144437,1.0000000
2,2,1,-1.5315870,1.0000000
2,5,1,-0.7661457,1.0000000
2,3,2,-0.6999597,1.0000000
2,4,2,-0.6017363,1.0000000
2,5,2,-0.4586227,1.0000000
2,4,3,0.1443508,1.0000000
2,5,4,0.6330377,1.0000000
2,7,4,-0.2583951,1.0000000
2,9,4,-0.1482169,1.0000000
2,6,5,-0.4157307,1.0000000
2,11,6,-0.0606706,1.0000000
2,12,6,-0.0745176,1.0000000
2,13,6,-0.1655396,1.0000000
2,8,7,0.0000000,1.0000000
2,9,7,-0.2583951,1.0000000
2,10,9,-0.0643821,1.0000000
2,14,9,-0.0953363,1.0000000
2,11,10,0.0256706,1.0000000
2,13,12,-0.0134691,1.0000000
2,14,13,-0.0436637,1.0000000
3,2,1,0.4604175,1.0000000
3,5,1,0.0519628,1.0000000
3,3,2,0.0873353,1.0000000
3,4,2,0.0300899,1.0000000
3,5,2,-0.0433569,1.0000000
3,4,3,-0.1288204,1.0000000
3,5,4,-0.2227422,1.0000000
3,7,4,0.0773389,1.0000000
3,9,4,0.0007739,1.0000000
3,6,5,-0.1532596,1.0000000
3,11,6,-0.0117335,1.0000000
3,12,6,-0.0232596,1.0000000
3,13,6,-0.0652280,1.0000000
3,8,7,0.1505285,1.0000000
3,9,7,-0.0626933,1.0000000
3,10,9,-0.0643900,1.0000000
3,14,9,-0.0662588,1.0000000
3,11,10,-0.0062665,1.0000000
3,13,12,-0.0072157,1.0000000
3,14,13,-0.0137412,1.0000000
4,1,-1,1.0550000,1.0000000
4,2,-1,1.0500000,1.0000000
4,3,-1,1.0300000,1.0000000
4,4,-1,1.0184739,1.0000000
4,5,-1,1.0171442,1.0000000
4,6,-1,1.0500000,1.0000000
4,7,-1,1.0554485,1.0000000
4,8,-1,1.0800000,1.0000000
4,9,-1,1.0485226,1.0000000
4,10,-1,1.0413257,1.0000000
4,11,-1,1.0421788,1.0000000
4,12,-1,1.0352894,1.0000000
4,13,-1,1.0310038,1.0000000
4,14,-1,1.0189083,1.0000000
5,1,-1,0.0000000,1.0000000
5,2,-1,-0.0904967,1.0000000
5,3,-1,-0.2238240,1.0000000
5,4,-1,-0.1924797,1.0000000
5,5,-1,-0.1638728,1.0000000
5,6,-1,-0.2554312,1.0000000
5,7,-1,-0.2416618,1.0000000
5,8,-1,-0.2416618,1.0000000
5,9,-1,-0.2673509,1.0000000
5,10,-1,-0.2704576,1.0000000
5,11,-1,-0.2654405,1.0000000
5,12,-1,-0.2703376,1.0000000
5,13,-1,-0.2713664,1.0000000
5,14,-1,-0.2835962,1.0000000
8,1,2,1.4948186,1.0000000
8,1,5,0.7555574,1.0000000
8,2,3,0.6885263,1.0000000
8,2,4,0.5904876,1.0000000
8,2,5,0.4424102,1.0000000
8,3,4,-0.1606005,1.0000000
8,4,5,-0.6497555,1.0000000
8,4,7,0.2609839,1.0000000
8,4,9,0.1408988,1.0000000
8,5,6,0.3714685,1.0000000
8,6,11,0.0532228,1.0000000
8,6,12,0.0633635,1.0000000
8,6,13,0.1377275,1.0000000
8,7,8,0.0333555,1.0000000
8,7,9,0.2218868,1.0000000
8,9,10,0.0430591,1.0000000
8,9,14,0.0716338,1.0000000
8,10,11,-0.0253464,1.0000000
8,12,13,0.0107100,1.0000000
8,13,14,0.0373681,1.0000000
9,1,2,0.3603338,1.0000000
9,1,5,-0.0218405,1.0000000
9,2,3,-0.0232661,1.0000000
9,2,4,-0.0492504,1.0000000
9,2,5,-0.0801623,1.0000000
9,3,4,-0.0842101,1.0000000
9,4,5,-0.1145208,1.0000000
9,4,7,0.0128396,1.0000000
9,4,9,-0.0378036,1.0000000
9,5,6,-0.2588663,1.0000000
9,6,11,-0.0261362,1.0000000
9,6,12,-0.0408729,1.0000000
9,6,13,-0.1039895,1.0000000
9,7,8,0.1353282,1.0000000
9,7,9,-0.1227711,1.0000000
9,9,10,-0.0761053,1.0000000
9,9,14,-0.0886126,1.0000000
9,10,11,0.0006595,1.0000000
9,12,13,-0.0102444,1.0000000
9,13,14,-0.0249384,1.0000000
8,2,1,-1.4923134,1.0000000
8,5,1,-0.7514753,1.0000000
8,3,2,-0.6814415,1.0000000
8,4,2,-0.5855624,1.0000000
8,5,2,-0.4378978,1.0000000
8,4,3,0.1633106,1.0000000
8,5,4,0.6497555,1.0000000
8,7,4,-0.2552423,1.0000000
8,9,4,-0.1365309,1.0000000
8,6,5,-0.3462087,1.0000000
8,11,6,-0.0532228,1.0000000
8,12,6,-0.0633635,1.0000000
8,13,6,-0.1377275,1.0000000
8,8,7,-0.0333555,1.0000000
8,9,7,-0.2218868,1.0000000
8,10,9,-0.0430591,1.0000000
8,14,9,-0.0716338,1.0000000
8,11,10,0.0253464,1.0000000
8,13,12,-0.0107100,1.0000000
8,14,13,-0.0373681,1.0000000
9,2,1,-0.3048752,1.0000000
9,5,1,0.0724801,1.0000000
9,3,2,0.0681614,1.0000000
9,4,2,0.0840217,1.0000000
9,5,2,0.1156138,1.0000000
9,4,3,0.0970355,1.0000000
9,5,4,0.1145208,1.0000000
9,7,4,-0.0125571,1.0000000
9,9,4,0.0366316,1.0000000
9,6,5,0.2412634,1.0000000
9,11,6,0.0261362,1.0000000
9,12,6,0.0408729,1.0000000
9,13,6,0.1039895,1.0000000
9,8,7,-0.1353282,1.0000000
9,9,7,0.1227711,1.0000000
9,10,9,0.0761053,1.0000000
9,14,9,0.0886126,1.0000000
9,11,10,-0.0006595,1.0000000
9,13,12,0.0102444,1.0000000
9,14,13,0.0249384,1.0000000
6,1,-1,2.2503760,1.0000000
6,2,-1,0.2291107,1.0000000
6,3,-1,-0.8420420,1.0000000
6,4,-1,-0.6701246,1.0000000
6,5,-1,-0.1681491,1.0000000
6,6,-1,-0.0918949,1.0000000
6,7,-1,0.0000000,1.0000000
6,8,-1,-0.0333555,1.0000000
6,9,-1,-0.1910956,1.0000000
6,10,-1,-0.0684055,1.0000000
6,11,-1,-0.0278764,1.0000000
6,12,-1,-0.0526535,1.0000000
6,13,-1,-0.1110694,1.0000000
6,14,-1,-0.1090019,1.0000000
7,1,-1,0.3384933,1.0000000
7,2,-1,-0.4575541,1.0000000
7,3,-1,-0.0160487,1.0000000
7,4,-1,0.0415725,1.0000000
7,5,-1,0.0437483,1.0000000
7,6,-1,0.0702649,1.0000000
7,7,-1,0.0000000,1.0000000
7,8,-1,-0.1353282,1.0000000
7,9,-1,0.1868266,1.0000000
7,10,-1,0.0767648,1.0000000
7,11,-1,0.0254767,1.0000000
7,12,-1,0.0306285,1.0000000
7,13,-1,0.0892955,1.0000000
7,14,-1,0.1135510,1.0000000
