type,de,para,zmed,prec,sigma
0,1,-1,2.3741466,0.0252722,0.0200000
0,2,-1,0.2830000,0.2120141,0.0200000
0,3,-1,-0.8420000,0.0712589,0.0200000
0,4,-1,-1.0780000,0.0884956,0.0200000
0,6,-1,-0.1120000,0.5357143,0.0200000
0,7,-1,0.0000000,0.0200000,0.0000000
0,8,-1,0.0000000,0.0200000,0.0000000
0,9,-1,-0.2450000,0.2448980,0.0200000
0,10,-1,-0.0900000,0.6666667,0.0200000
0,12,-1,-0.0610000,0.9836066,0.0200000
0,14,-1,-0.1390000,0.4316547,0.0200000
1,1,-1,-0.3571104,0.1680153,0.0200000
1,2,-1,0.4567251,0.1313701,0.0200000
1,3,-1,0.2086244,0.2875982,0.0200000
1,4,-1,-0.3110000,0.6741573,0.0200000
1,6,-1,-0.0470050,1.2764600,0.0200000
1,7,-1,0.0000000,0.0200000,0.0000000
1,8,-1,0.1505285,0.3985956,0.0200000
1,9,-1,-0.1360000,0.4411765,0.0200000
1,10,-1,-0.0580000,1.0344828,0.0200000
1,12,-1,-0.0160000,3.7500000,0.0200000
1,14,-1,-0.0800000,0.7500000,0.0200000
2,1,2,1.5770336,0.0380461,0.0200000
3,1,2,-0.3801522,0.1578315,0.0200000
2,1,5,0.7971130,0.0752716,0.0200000
3,1,5,0.0230418,2.6039632,0.0200000
2,3,2,-0.6999597,0.0857192,0.0200000
3,3,2,0.0873353,0.6870074,0.0200000
2,5,2,-0.4586227,0.1308265,0.0200000
3,5,2,-0.0433569,1.3838628,0.0200000
2,4,3,0.1443508,0.4156541,0.0200000
3,4,3,-0.1288204,0.4657647,0.0200000
2,4,5,-0.6272265,0.0956592,0.0200000
3,4,5,0.2410726,0.2488877,0.0200000
2,9,4,-0.1482169,0.4048121,0.0200000
3,9,4,0.0007739,77.5293966,0.0200000
2,6,5,-0.4157307,0.1443242,0.0200000
3,6,5,-0.1532596,0.3914926,0.0200000
2,6,11,0.0610045,0.9835340,0.0200000
3,6,11,0.0124328,4.8259443,0.0200000
2,6,12,0.0752164,0.7976984,0.0200000
3,6,12,0.0247140,2.4277737,0.0200000
2,12,6,-0.0745176,0.8051789,0.0200000
3,12,6,-0.0232596,2.5795800,0.0200000
2,6,13,0.1675098,0.3581880,0.0200000
3,6,13,0.0691078,0.8682088,0.0200000
2,7,8,-0.0000000,0.0200000,0.0000000
3,7,8,-0.1471066,0.4078675,0.0200000
2,8,7,0.0000000,0.0200000,0.0000000
3,8,7,0.1505285,0.3985956,0.0200000
2,9,7,-0.2583951,0.2322025,0.0200000
3,9,7,-0.0626933,0.9570401,0.0200000
2,10,9,-0.0643821,0.9319361,0.0200000
3,10,9,-0.0643900,0.9318217,0.0200000
2,10,11,-0.0256179,2.3421124,0.0200000
3,10,11,0.0063900,9.3896714,0.0200000
2,12,13,0.0135176,4.4386577,0.0200000
3,12,13,0.0072596,8.2649182,0.0200000
2,14,13,-0.0436637,1.3741392,0.0200000
3,14,13,-0.0137412,4.3664309,0.0200000
4,1,-1,1.0550000,0.0568720,0.0200000
