Tipo,de,para,Res,Rn,bhat
0,3,-1,0.08895557191219483,19.423056465310342,23.082015388983255
0,4,-1,0.008304917108891807,5.041470036022631,9.752494544321545
0,5,-1,0.00012600543549745602,3.3845946770831894,46.062381478572924
0,10,-1,0.00021397451220739327,3.433001829057934,33.04739831880122
0,14,-1,-1.9087036815523817e-05,0.02370502288100478,0.029244032365274595
0,200,-1,9.136673662091255e-08,5.057972699899227,2800.0439524366543
0,600,-1,-1.7369910232378771e-09,0.014740249256934257,1.2508697238488584
1,3,-1,3.051728993813674e-07,19.423307116597158,362628.3951351112
1,4,-1,-6.234811568472942e-05,2.5423629524798153,26.954117552721517
1,5,-1,6.504762651182716e-06,0.8487978034379393,11.814239295210323
1,10,-1,0.00022068955969611892,3.890038559436101,26.513237292985483
1,14,-1,-2.715313361845162e-05,0.10943944849315088,0.14703021088691615
1,200,-1,1.2580871713296915e-06,12.503940191855536,1242.7479103554736
1,600,-1,0.0,0.0,0.0
0,7,-1,5.068748859526906e-08,1.0292737599091868,209.0070946889396
1,7,-1,-1.3117393393713428e-08,0.1675862699318747,21.41062406738454
2,1,5,0.006958699660526868,1.6331903153573002,1.9199414784823685
3,1,5,3.7613501088884504e-05,0.6826879539616709,3.4942758508540743
2,2,5,-0.0020205561423074503,0.8826689337958218,1.0538462446437182
3,2,5,0.0001359531565059413,2.8179153228847205,6.777206965436694
2,2,4,-0.0006950160202199296,0.20626693691229966,0.22683299240103913
3,2,4,-0.0001624432035516321,3.597005828583353,9.463439990643678
2,2,200,0.023285976685373133,5.20584560276383,5.796226618235966
3,2,200,0.0002599561188105781,12.481668475612006,86.23422996244098
2,3,200,-0.022092777357474613,5.080851138801411,5.632302570698695
3,3,200,0.00264139539831465,10.251123036858743,19.365804380991445
2,4,9,-0.0005110040020498141,0.5190539085046365,0.5712993395821291
3,4,9,-1.7502296103533155e-06,0.6678147723883376,5.521120959055645
2,4,7,-0.0009373915782957543,0.5452160621413447,0.6002698414644002
3,4,7,-0.0003883765766667935,0.7114265820120985,0.7531318532106271
2,7,9,-0.0009372902033312203,0.5451570918933856,0.6002049084635516
3,7,9,-0.00019008626425431885,0.46616980858907203,0.5792713733253514
2,9,7,0.0009372902033312203,0.5451570918933856,0.6002049084635516
3,9,7,2.6166733061216974e-05,0.07748149551800922,0.10331480264779559
2,8,7,5.0687489175183417e-08,1.0292737701738448,209.00709646643236
3,8,7,-0.00018825139103650912,0.16758633890783473,0.18375496368340058
2,9,14,-2.963224362106942e-06,0.00917121195463784,0.018037002713076657
3,9,14,-2.127363078807676e-05,0.10935960846564068,0.1678550974332086
2,10,11,-0.00011159055339238222,3.6198420361526025,26.636372641152988
3,10,11,-4.915677900285687e-07,4.003213226038544,326.01233152803917
2,6,11,0.00037207137391082057,3.7579777000833645,17.600991446299442
3,6,11,6.542987643776144e-05,4.04181250856226,33.930006040586186
2,6,5,0.0005302731617017886,0.19684800568652566,0.21238013608952624
3,6,5,-0.0026958053773826762,4.563813522413771,6.251101880620114
2,6,600,-6.1956338622132234e-06,0.014740252405814709,0.020944410187035058
3,6,600,-8.881784197001252e-16,0.0,0.0
2,12,600,-6.185556199467257e-06,0.014740252414606433,0.020754613923553922
3,12,600,-3.3439055968642606e-09,0.01474025289033131,11.591737529275402
2,13,12,2.3131585535907107e-10,0.01474028101528725,171.90832820645363
3,13,12,3.1021851754076124e-11,0.014740390041562676,494.97135996687285
2,13,14,-1.4048500434071798e-06,0.012814748052097868,0.04321388323294967
3,13,14,-8.616803510719251e-07,0.10942674276847907,0.8273622641731743
4,1,-1,0.006784968952400439,2.060963362776933,2.2119601004602143
4,10,-1,0.006846430556433303,2.121267368211614,2.2924239074843005
-1,6,6,-1.7369914361020644e-09,0.014740252760629879,1.2508700211835118
