type,fr,to,Res,Rn,bhat,dCov
0,3,-1,0.0027201298577118616,0.47960549698853344,0.5275685362671277,3.216703050070525e-05
0,4,-1,-0.003063029718382182,1.487025190255382,2.320328189000808,4.2429290526834425e-06
0,5,-1,-6.699138824026174e-05,1.726237791441725,22.74212776732201,1.506040722207184e-09
0,10,-1,6.62941351901869e-05,0.8384828920409583,6.338429860334963,6.251177163630223e-09
0,14,-1,0.00038485914741068217,0.4782867029520975,0.5891936381610082,6.474809761011865e-07
0,200,-1,2.4130115794385176e-08,1.224591946437517,621.4746120814613,3.882719474825831e-16
0,600,-1,7.2933687200738e-08,0.5993751840329615,49.257157429291645,1.480671865919869e-14
1,3,-1,9.561629299183194e-05,1.389923310245428,5.906405882536317,4.732407429834836e-09
1,4,-1,-9.123213110293765e-05,1.3632056655003288,5.305104154020407,4.478915558559432e-09
1,5,-1,-6.562720480607354e-06,0.783369950731299,10.075349149366312,7.018333437465056e-11
1,10,-1,1.6766301760944013e-05,0.20242092993283392,0.9407631235420463,6.860625691211404e-09
1,14,-1,-7.736254091592065e-05,0.3028502251477557,0.3963217160451223,6.525377618994006e-08
1,200,-1,1.0804330763392045e-07,0.6713305632600466,41.7133402370549,2.5901379994964568e-14
1,600,-1,-4.655297392019975e-08,0.8017781853426721,138.08962228564536,3.371214516316264e-15
0,7,-1,-1.2556246320460929e-08,0.2517341819157869,50.4689831080697,2.487913476198663e-15
1,7,-1,-2.0940165157412594e-08,0.26558341568191535,33.68385595578962,6.216676969791332e-15
2,1,5,-0.0016117619358928525,0.3645385922880395,0.4103355712984694,1.9548559738812815e-05
3,1,5,-3.902300345045434e-05,0.6669170845255805,3.2021517035035725,3.423715734399843e-09
2,2,5,-0.0007989121214298511,0.3451632262296756,0.407916635180634,5.357337190062028e-06
3,2,5,3.805905380516866e-05,0.6617896876851818,1.3413350890359044,3.3073182168081297e-09
2,2,4,-0.0005993727170836571,0.17503357938655117,0.18941670944716404,1.1726035173502951e-05
3,2,4,-0.0001019999354406817,1.3614044647871073,2.1519172037064807,5.6133930505750915e-09
2,2,200,0.006710986719413392,1.407592995790592,1.4807190526093812,2.2731001181040034e-05
3,2,200,2.0498811089876556e-05,0.6352001288403833,2.809363242608895,1.0414446451443798e-09
2,3,200,0.0022096615260324137,0.4846694847431976,0.509875169388818,2.078548458368067e-05
3,3,200,-0.0006210751933945768,1.6641910267284963,2.14145267411191,1.392778373401679e-07
2,4,9,0.0004838832338157073,0.48924402594084915,0.5371453984745898,9.782054682466337e-07
3,4,9,3.928722437894494e-07,0.12396534223175655,0.8428258526032174,1.0043894147816178e-11
2,4,7,-0.00032659876935137166,0.1900471555999164,0.2089057344966911,2.9532916665773065e-06
3,4,7,0.00032503442023497364,0.5955493388757315,0.6263515319718277,2.978675643580563e-07
2,7,9,-0.0008801470318971494,0.5133679732246323,0.5645407154865554,2.939360912125426e-06
3,7,9,-0.00016215453676819702,0.4001573500532125,0.49617515541703605,1.6420886943362522e-07
2,9,7,-0.0009620238326571995,0.5567420132095994,0.611413356561599,2.9858203331144166e-06
3,9,7,-0.00016104352052842552,0.4750418580429072,0.6281868477832283,1.1492718097417035e-07
2,8,7,-1.2556246852494489e-08,0.25173419266400837,50.468985279315895,2.487913474583076e-15
3,8,7,-0.0002972698218461356,0.2655834173834104,0.29053837598810794,1.252851900091344e-06
2,9,14,0.00021280763787316637,0.5955791699321114,1.0612248085795966,1.2767192954528968e-07
3,9,14,-5.232477190731527e-05,0.25650620690265086,0.3746606735137836,4.161203264773131e-08
2,10,11,-3.079006805779827e-05,0.7948011977725538,4.633469828542219,1.5007359006663584e-09
3,10,11,-2.990284565145343e-08,0.1633032107210111,8.918194255701133,3.353015733239658e-14
2,6,11,9.4406847251427e-05,0.7612309644619534,2.8411917166770615,1.5380629034494068e-08
3,6,11,3.3519536207018974e-06,0.13849235812772218,0.7750345849313426,5.85793274903818e-10
2,6,5,-0.006104762171984468,2.215166521109632,2.366370002248979,7.594946880911279e-06
3,6,5,-0.0006091618881862992,0.9447526648601058,1.1898070203320705,4.157470699368399e-07
2,6,600,0.00010908491528358044,0.22439811270439436,0.2743947456147705,2.363148412516898e-07
3,6,600,-1.5889775601241052e-05,0.4735381914711646,8.300844597626703,1.12596659408084e-09
2,12,600,0.0002861426493851599,0.5970774554382345,0.7294335907844188,2.296697730607866e-07
3,12,600,-1.1976566542459127e-05,0.37465208778931286,2.092253798389949,1.0218998829351055e-09
2,13,12,4.649419429937629e-06,0.2156802437931073,1.8160289930031468,4.647043318555538e-10
3,13,12,2.1701421115856434e-07,0.03918612091151817,0.4983879385722109,3.066986050209869e-11
2,13,14,3.619027356083909e-05,0.25877992982786147,0.6858025426900815,1.9557914820712657e-08
3,13,14,-2.9326051318358942e-06,0.2650800572758578,1.4444376369179415,1.223920105124484e-10
4,1,-1,-0.0050665633889834805,1.5217453803274166,1.6060352027585256,1.1085185809764767e-05
4,10,-1,-0.003657277827826988,1.1156740833870875,1.1821702797233447,1.0745860954341578e-05
10,2,200,-4.619055921907707e-06,1.5982356038462469,22.14317367387976,8.352660661953288e-12
11,3,-1,0.0007430720828008469,1.3898824294426828,2.0658957056050693,2.8582865187167424e-07
12,6,-1,-0.002900911362067049,0.43573462504558597,0.44328982541892337,4.432255363927828e-05
13,6,-1,1.9620164005061083e-06,0.26154883998053535,0.3486606721407512,5.6272948378705003e-11
14,6,-1,5.2302042651747316e-05,0.1593996853393138,0.22117641383406975,1.0766198469795832e-07
15,6,-1,-0.04916699438857686,1.5487292490041518,1.5548958290875463,0.001007850974139649
-1,6,6,1.3042884379765602e-06,0.2685169200457014,0.5528020815908309,2.3594130366208702e-11
