,dx,dz,method,caso,n
0,1.4333622137170892,1.0,LM,0,0
1,1.1523561405403273,0.3966902866067857,LM,0,0
2,0.8756052243174877,0.26212422943671726,LM,0,0
3,0.5209389015621697,0.05292917999676041,LM,0,0
4,2.7237849331325337,0.0037386348875457585,LM,0,0
5,0.8573129983676795,0.3512828850503656,LM,0,0
6,0.4854302407755921,0.2081857955938881,LM,0,0
7,0.03811938680407619,0.45282929608887734,LM,0,0
8,0.019126852086437038,0.05916034118327912,LM,0,0
9,0.014343787769386062,0.06466864307886874,LM,0,0
10,0.010750946413076357,0.06720619560582827,LM,0,0
11,0.005351474108935976,0.09102433484598438,LM,0,0
12,3.748986743337712e-05,0.08393662904548883,LM,0,0
13,2.1477211053846645e-05,0.00024071820117045286,LM,0,0
14,2.7969873727552654e-08,2.812099220592323e-07,LM,0,0
0,0.4015612247171449,1.0,GNbc,0,0
1,1.477582845562524,488.3317331172127,GNbc,0,0
2,0.7934681558496636,78.0317121391849,GNbc,0,0
3,0.1847012269779093,16.476656519714698,GNbc,0,0
4,0.028651009068644658,1.5449117722413668,GNbc,0,0
5,0.012815224428911547,0.10555612518237573,GNbc,0,0
6,0.006365359735200849,0.09151225865209173,GNbc,0,0
7,0.0063978924237358785,0.09137542793463582,GNbc,0,0
8,7.42092297534363e-05,0.05144888846530454,GNbc,0,0
9,6.38238916931229e-06,9.96657832258008e-05,GNbc,0,0
0,1.5835556020014872,1.0,GN,0,0
1,0.7718709828081521,0.40335989162178904,GN,0,0
2,0.7467481686221616,0.12213305809736524,GN,0,0
3,2.029628676192559,0.016161356374988566,GN,0,0
4,2.2816675237849826,0.46484325740892485,GN,0,0
5,1.232663996997465,0.32181853637299973,GN,0,0
6,1.0386117328454565,109.62262721274074,GN,0,0
7,0.27181570428181673,17.259143442273558,GN,0,0
8,0.3015023260945333,2.400335551726478,GN,0,0
9,0.6841047204601813,0.6046379971455628,GN,0,0
10,0.5152750302388608,0.26258200547635124,GN,0,0
11,1.169725297421623,0.035558410743441925,GN,0,0
12,0.5794112971063688,0.4367071933003446,GN,0,0
13,1.3050157117900516,0.24234923923408064,GN,0,0
14,0.7784807711201468,0.536498924919413,GN,0,0
15,0.9908559782570805,0.017257027524089943,GN,0,0
16,0.24058231098786742,6.049070447487654,GN,0,0
17,0.6401357757029025,2.210620686637648,GN,0,0
18,0.4121923753108164,0.7246044455505259,GN,0,0
19,0.5695114878240066,0.5755349788595603,GN,0,0
20,0.2574308955261497,2.689287480469725,GN,0,0
21,0.3474039123428699,0.4333456335166485,GN,0,0
22,0.08117897083712497,1.5049218004590854,GN,0,0
23,0.08653192321063961,13.416529572650385,GN,0,0
24,0.19304038558970196,3.07569990380075,GN,0,0
25,0.3471829826483417,0.6832746387992666,GN,0,0
26,0.1234677343930848,1.3925806964767853,GN,0,0
27,0.17968652529703127,6.258786742636853,GN,0,0
28,0.5374847661617729,1.6907642774785958,GN,0,0
29,0.9860461504516158,0.4692990194456224,GN,0,0
0,1.370228644877215,1.0,LM,1,0
1,1.4045310206304908,0.4832316747876126,LM,1,0
2,0.8148740496614255,0.28214175598664376,LM,1,0
3,1.2532624241435735,0.12916296077820913,LM,1,0
4,1.770301940771948,0.05430072127450071,LM,1,0
5,0.36829006107460044,0.036907226214816985,LM,1,0
6,6.552681397701652,0.0034895507271534786,LM,1,0
7,12.180156491435476,0.0013839145324199993,LM,1,0
8,27.840035263412304,0.005639849842946442,LM,1,0
9,87.64906938930247,0.010153309711214517,LM,1,0
10,434.77344570547757,0.015413401438284522,LM,1,0
11,249.32541288787664,0.02036904623527289,LM,1,0
12,2959.7474159349226,0.00036431336988865156,LM,1,0
13,246.7221205245208,0.0007431988748926289,LM,1,0
14,23228.967596066672,6.654561675623662e-06,LM,1,0
15,19.922248117950378,0.0003841048034132097,LM,1,0
16,42124.00562315378,2.2981228867089428e-07,LM,1,0
17,109.41546884714168,1.8401607453727912e-05,LM,1,0
18,1706660.612112692,1.4268026347189887e-09,LM,1,0
19,0.02465327625883054,0.0001985092081179511,LM,1,0
20,764.3599801211009,7.771889267837426e-09,LM,1,0
21,914420.3567440999,7.798038274414224e-12,LM,1,0
22,1.9069713672366058,4.79039255195288e-07,LM,1,0
23,163306.05676726202,6.632367560627072e-12,LM,1,0
24,694.9430259801073,1.4625804845998652e-09,LM,1,0
25,23657920.969150163,5.021326167111549e-14,LM,1,0
26,0.025805968233491492,6.971308674424817e-07,LM,1,0
27,2142.02692224126,9.713705184607304e-12,LM,1,0
28,617079.0959848054,3.878729729434111e-14,LM,1,0
29,1061.5801355265642,2.3590424964755888e-11,LM,1,0
0,0.37601209912570505,1.0,GNbc,1,0
1,0.3366789656317236,9.798648846730817,GNbc,1,0
2,0.8968820146595963,3.855506769441544,GNbc,1,0
3,0.34677323811013727,1.5398191493814684,GNbc,1,0
4,0.05754447038455507,4.236010994603608,GNbc,1,0
5,0.04546326879189038,0.051453475343153435,GNbc,1,0
6,0.0008590238699794071,0.024626825615928587,GNbc,1,0
7,1.872782475512676e-05,0.00018955899214393758,GNbc,1,0
8,6.244745835796546e-07,6.886638250691244e-08,GNbc,1,0
0,1.494054743792414,1.0,GN,1,0
1,0.6005736256955572,0.45806334924056535,GN,1,0
2,1.0320720424920233,0.14387435699002568,GN,1,0
3,0.40306489897828407,0.03490949202311083,GN,1,0
4,6.409170390218772,0.0036032894987056653,GN,1,0
5,114.74770884756356,0.61138920433649,GN,1,0
6,12630.476020801687,0.5919941569999003,GN,1,0
0,1.5669188883905605,1.0,LM,2,0
1,1.3514785137634895,0.2783313420208147,LM,2,0
2,1.0988565377091235,0.19145288718008802,LM,2,0
3,1.8218590314295975,0.047819054888165416,LM,2,0
4,3.5104581206140484,0.03430722143924884,LM,2,0
5,6.77826348561123,0.02051521129661514,LM,2,0
6,26.887155546143706,0.011848642340026996,LM,2,0
7,222.130765601523,0.013044103394779663,LM,2,0
8,994.9853694089998,0.010249509440198782,LM,2,0
9,540.045527837454,0.0012944318835156263,LM,2,0
10,41785.863279630015,1.0825866599957019e-05,LM,2,0
11,57.23039255962472,0.00026924548822086634,LM,2,0
12,120049.0306990976,1.7405965561477787e-07,LM,2,0
13,26.375278932513172,3.101513633489181e-05,LM,2,0
14,190317.62791680548,5.658869910523018e-09,LM,2,0
15,42.47536587449287,2.4909546457557326e-06,LM,2,0
16,535661.6440475347,2.5163714344863917e-10,LM,2,0
17,37.26113267794108,4.923468661912267e-07,LM,2,0
18,499811.5266677697,4.556228979615193e-11,LM,2,0
19,370.620658843993,2.853273635564208e-08,LM,2,0
20,5166808.02487855,2.486279939462268e-12,LM,2,0
21,2.6963331508829866,2.3151391810810386e-07,LM,2,0
22,33840.525290031925,2.2036088337240608e-11,LM,2,0
23,1774045.1325625575,4.931804815335111e-13,LM,2,0
24,747.2165969741952,8.507633630949499e-10,LM,2,0
25,7782480.930217749,9.55413723300342e-14,LM,2,0
26,44.084501378327225,5.208745131387965e-09,LM,2,0
27,555322.698589119,4.782257557827163e-13,LM,2,0
28,42213.23847650868,6.76327233843335e-12,LM,2,0
29,9565710.354377309,3.4007665410801496e-14,LM,2,0
0,0.47064635248810915,1.0,GNbc,2,0
1,0.35095153188868944,3.0733794710153,GNbc,2,0
2,0.5812899206234823,1.097521104904836,GNbc,2,0
3,0.7612619173271244,0.5450773628657356,GNbc,2,0
4,0.2407894891846678,0.16264461238853395,GNbc,2,0
5,0.09374117243358535,0.1581161009826171,GNbc,2,0
6,0.007451033881854808,0.005212274701632231,GNbc,2,0
7,1.5125610779362267e-05,1.8188304201622906e-05,GNbc,2,0
8,2.620145210400036e-07,9.327499516986343e-10,GNbc,2,0
0,1.6454611523490035,1.0,GN,2,0
1,1.456304766761434,0.15901904880709264,GN,2,0
2,1.4597055288524874,0.04777918413919701,GN,2,0
3,2.138491257573281,0.04424985596170453,GN,2,0
4,3.5930687145766576,0.03228615815525134,GN,2,0
5,5.925319619893263,0.015335534449813596,GN,2,0
6,41.42037079685854,0.0082102334506978,GN,2,0
7,354.0160289300991,0.01765436791146988,GN,2,0
8,19544.249647834193,0.010702426617198646,GN,2,0
0,1.3554391556263488,1.0,LM,3,0
1,1.4549191885514803,0.3058049121848045,LM,3,0
2,1.7049929681777622,0.17972051368712416,LM,3,0
3,5.795356020841526,0.08519843436517857,LM,3,0
4,21.292985803845156,0.0767276553008598,LM,3,0
5,75.32867179788477,0.07148132160693568,LM,3,0
6,356.2071142686731,0.0699332019933657,LM,3,0
7,10.86073155882893,0.05998766889988648,LM,3,0
8,1158.126042828083,0.000663469849350897,LM,3,0
9,121.63931531719598,0.000638100089993731,LM,3,0
10,188767.34913127864,4.7656960825809665e-07,LM,3,0
11,0.08725246482958357,0.0018791678079743408,LM,3,0
12,332.8612870329875,6.732267873984943e-07,LM,3,0
13,2797855.1388849723,1.0613399295252469e-10,LM,3,0
14,0.05409836631135191,3.128705889875226e-05,LM,3,0
15,3085.658262367419,7.100129937845618e-10,LM,3,0
16,1117970.4942053275,2.4769966881587534e-12,LM,3,0
17,4.104380589889745,1.370876539605187e-07,LM,3,0
18,221749.91661926865,3.1499542861083167e-12,LM,3,0
19,879.6441940156625,7.791416470328512e-10,LM,3,0
20,28036850.95859777,2.968813844713238e-14,LM,3,0
21,0.00700084857521211,6.906766786948621e-07,LM,3,0
22,360.37522204267594,1.6028225870094305e-11,LM,3,0
23,535856.4700904939,1.2779672612111777e-14,LM,3,0
24,6525.829921958768,1.1927114063266758e-12,LM,3,0
25,2826551.7064084867,3.2200507917044797e-15,LM,3,0
26,302.1789879280606,2.936630244995355e-11,LM,3,0
27,684480.5139819079,1.49941369638772e-14,LM,3,0
28,8030.687318254936,1.4122797576812343e-12,LM,3,0
29,2309179.426001895,5.622180252943575e-15,LM,3,0
0,0.36033292238814807,1.0,GNbc,3,0
1,0.3059799715171129,0.9140120010495654,GNbc,3,0
2,0.5520808444305388,0.4954589226621982,GNbc,3,0
3,0.6627107734297764,0.3351921653504177,GNbc,3,0
4,0.23019465895695226,0.3642428696035387,GNbc,3,0
5,0.01852407094300464,0.012396218024249752,GNbc,3,0
6,0.00031319629983632804,0.0010733643009683152,GNbc,3,0
7,9.708378907178016e-06,1.4476705607788167e-07,GNbc,3,0
0,1.4141093141290895,1.0,GN,3,0
1,2.6287638486965657,0.22659805141848546,GN,3,0
2,2.6913611792837226,0.10334410709608043,GN,3,0
3,11.169591423693428,0.11246438741590918,GN,3,0
4,145.1891556122531,0.12111582230673586,GN,3,0
5,17339.678893133256,0.10869274215592133,GN,3,0
