0,1,-1,1.3654449,1.0000000
0,2,-1,-1.7000000,1.0000000
0,3,-1,-2.0000000,1.0000000
0,4,-1,2.3800000,1.0000000
1,1,-1,0.6857177,1.0000000
1,2,-1,-1.0535000,1.0000000
1,3,-1,-1.2394000,1.0000000
1,4,-1,1.1122982,1.0000000
2,1,2,0.3839176,1.0000000
2,1,3,0.9815274,1.0000000
2,2,4,-1.3177254,1.0000000
2,3,4,-1.0287915,1.0000000
3,1,2,0.0736589,1.0000000
3,1,3,0.6120588,1.0000000
3,2,4,-0.5455618,1.0000000
3,3,4,-0.6038006,1.0000000
2,2,1,-0.3822746,1.0000000
2,3,1,-0.9712085,1.0000000
2,4,2,1.3328623,1.0000000
2,4,3,1.0471377,1.0000000
3,2,1,-0.1669241,1.0000000
3,3,1,-0.6355994,1.0000000
3,4,2,0.5429518,1.0000000
3,4,3,0.5693464,1.0000000
4,1,-1,1.0000000,1.0000000
4,2,-1,0.9900000,1.0000000
4,3,-1,0.9690051,1.0000000
4,4,-1,1.0200000,1.0000000
5,1,-1,0.0000000,1.0000000
5,2,-1,-0.0182741,1.0000000
5,3,-1,-0.0326897,1.0000000
5,4,-1,0.0265448,1.0000000
8,1,2,0.3839176,1.0000000
8,1,3,0.9815274,1.0000000
8,2,4,-1.3207438,1.0000000
8,3,4,-1.0407659,1.0000000
9,1,2,-0.0736589,1.0000000
9,1,3,-0.6120588,1.0000000
9,2,4,0.5753026,1.0000000
9,3,4,0.6574814,1.0000000
8,2,1,-0.3829904,1.0000000
8,3,1,-0.9803001,1.0000000
8,4,2,1.3203957,1.0000000
8,4,3,1.0410590,1.0000000
9,2,1,0.1756379,1.0000000
9,3,1,0.6883377,1.0000000
9,4,2,-0.4974354,1.0000000
9,4,3,-0.5307383,1.0000000
6,1,-1,1.3654449,1.0000000
6,2,-1,-1.6974399,1.0000000
6,3,-1,-2.0210660,1.0000000
6,4,-1,2.3614547,1.0000000
7,1,-1,-0.6857177,1.0000000
7,2,-1,1.0953418,1.0000000
7,3,-1,1.3458191,1.0000000
7,4,-1,-1.0281737,1.0000000
11,2,-1,0.3479381,1.0000000
