MAP_SCADA,MAP_PMU,WLS
0.001300367375705733,0.00014834224428908097,0.000148348436368621
0.0013000509666396404,0.00014285507981361657,0.00014283116435965076
0.0013015395369109129,0.0001449310546834851,0.00014485801377218648
0.0013097640162301073,0.0001841720683560011,0.00018435296327230455
0.0013153860619891367,0.0002732589656184022,0.0002751765142778581
0.0013039301129826831,0.00021079205708134492,0.0002130534414170248
0.001321647783751288,0.00020869247608673542,0.00021187513776273236
0.0013501641042323214,0.0002618212447015548,0.00026458341692854625
0.0014034227332930267,0.000303506722321963,0.0003040711312338549
0.001418095950349597,0.00031450976107917145,0.0003143786057227571
0.0015400541346860224,0.0003998060190344163,0.000401279616683369
0.0016092913784327167,0.0004708195315031441,0.0004705861180464259
0.0015975483508677752,0.00045156239815913524,0.00045166753067181736
0.001651419231706841,0.0005297151341053532,0.0005322630871789227
0.0016899141145030835,0.0005749130892133494,0.0005797405973985405
0.0016259470636100367,0.0005348565086319215,0.0005353851935347114
0.0017423454021181454,0.0005746940531544081,0.0005744710450817972
0.0018531010006813846,0.0005917338108545736,0.0006013328463977689
0.0018956896991997691,0.0006573019393674773,0.0006725216944859974
0.002019074508877314,0.0007337546633031954,0.000741755057127074
0.0012717875609324018,0.00014312243704147867,0.00014319023827788946
0.001278836701763713,0.00021857541963135157,0.00021887946939762648
0.0013166596846628414,0.00031602052662938715,0.00031516907592624046
0.0013241086021005067,0.00030090502169443837,0.0002989023574218923
0.0013970576242862249,0.00042054827463040915,0.0004110440778662577
0.0015227340098785038,0.0006329730736935554,0.0006127323169811139
0.0016290019729603162,0.0008051157874213664,0.0007777700493374236
0.001675928201133919,0.0008648816758372438,0.0008428675608243369
0.0015474958598211729,0.0006162960369399676,0.000599006602953549
0.001564333676152481,0.0007253175526353872,0.0007026794537438593
0.0015234488658856225,0.0006229548104337804,0.0006001153416423471
0.0014859050107662974,0.0005508610684677317,0.0005321906408320645
0.0015597491574749014,0.0007179332478487259,0.0006852862107878181
0.001540567360618617,0.0007054814623360377,0.0006703446427163987
0.0015652930269144925,0.0007752312455036515,0.0007334135413950456
0.0016009288206825084,0.0008083122507296578,0.0007614619821377844
0.0016399193580001283,0.0009406905839556151,0.0008950436277645469
0.0016535742936950536,0.000931404734050575,0.0008806947254801731
0.0016927468440313409,0.0009708925877758366,0.0009160631059761393
0.001720447010593305,0.0011059241746272245,0.0010633995673560133
0.0012364335093081793,0.00012616779441996,0.00012610823303994614
0.0012415469314447079,0.00016204635915940174,0.00016288694400265396
0.0013022868737767384,0.0002448699236227274,0.00024185725147494972
0.0013456905890244229,0.00031373935552840543,0.00030743346321119387
0.0012963786791206145,0.00026935679101576905,0.0002678416201432291
0.0019909433777753776,0.0014013924706562436,0.0007135915673019663
0.00215367478106582,0.0016944516991505493,0.0007393761248377253
0.0020545848709851143,0.001406544269239968,0.0007427126775108322
0.0020664671557323318,0.001420855948044223,0.0007827671306627051
0.001993761449481479,0.0014499867581779444,0.0006917254473348861
0.0020656638451731425,0.0015252199526305738,0.0008597649382494216
0.0020096639170516517,0.0013422657255672671,0.0009346571582104624
0.002023052231952232,0.0014244192407431014,0.001074564823599426
0.0019718644594617103,0.0015201207706598495,0.0010831734800772822
0.0019572287679823497,0.0013530216972113534,0.0010545677609359264
0.0018981716032260944,0.0013858939359542495,0.0009466160297539456
0.0019137935704586616,0.0015156667852874112,0.0011304745001589908
0.0019071272530121553,0.0014712653813235338,0.0011788699154719586
0.0019653886822195614,0.0015091489302915292,0.0009958335676781296
0.0019371939305745974,0.0015025396055000423,0.0011064169124690324
0.001136185878317546,0.0001500938085884349,0.00014996839360990462
0.0011580107969875917,0.00017372150928036175,0.00017367454833587835
0.0013013798173723504,0.0002635136389063593,0.0002801763837658239
0.001314976043538355,0.0002867920590959958,0.000299104912914631
0.0014970391614215327,0.000331437275045582,0.0003710645975333307
0.0015128245816736358,0.00033713735967910166,0.0003844780035894206
0.0017276056377124622,0.00034970080565576724,0.00043162879142859837
0.0017682053018015103,0.0003951119085694603,0.00047976600249469923
0.001981108071238298,0.00036578939903863557,0.000540442085125893
0.001887634082915374,0.0003038399715785309,0.00045120904043490054
0.0019910740165413813,0.000336305137814728,0.0005379279724888397
0.0019977656252815807,0.00035297163090119115,0.0005553290360828464
0.00200558679171811,0.00038882416579861053,0.0005863441671866282
0.002123829931218922,0.00045640542546088707,0.0006741787176219901
0.0022905181248997807,0.0005573487912257627,0.0008168796450465132
0.0022000595291490257,0.00046999069426520727,0.0007172832670874172
0.0021865380643889894,0.0003983352049302716,0.0006244503572725396
0.002120862188045556,0.0004318303721346246,0.0006131028625758359
0.002161807899795138,0.0004966927409731072,0.0006923637501443218
0.0020531419041221817,0.0004581912725577017,0.0006224914154492631
