MAP_PMU,MAP_SCADA,WLS
0.00011416289790188733,0.0012166612990016394,0.00011419465390492233
0.00011994926840546979,0.0012150843936170773,0.00012027655516656487
0.00011929734266497716,0.0012155192005361547,0.00011953557256267776
0.00011484721167216618,0.0012131234615344675,0.00011542084755191598
0.00011653259633394892,0.0012156236571784825,0.00011711642896633838
0.000122948714261521,0.0012377014186678817,0.000132454502845501
0.000144278644261073,0.001244576983950682,0.00016208290563181167
0.00014753549852471477,0.001238536900833379,0.0001594149546587597
0.00014946805112451368,0.0012690916404966108,0.0001600622421841749
0.000168117396070575,0.0013020691695029857,0.00019457199259149534
0.00017991338019480662,0.0013454352470567482,0.00022056486280881796
0.0001642415255435865,0.0013464191945208044,0.00021134337524684573
0.00024086559968746979,0.0013406745035760587,0.0003084466367567347
0.00026084058532458245,0.0013409242443216686,0.0003318042461124179
0.00023972902774858424,0.0013495781976047758,0.00031287500442858
0.00021468192022139698,0.0013019178532045156,0.00025500507247991073
0.00021952117576454547,0.0012948711809842605,0.00025860089049676985
0.00026118114784875844,0.0012909679675658823,0.000300489230764741
0.0002655860762182686,0.0013020334993443347,0.00031022539554277607
0.00028711144961153604,0.0013540392284827007,0.00036192505375486246
9.76353394355976e-05,0.0012138699973666884,9.776742646756765e-05
0.00012175654811470113,0.0012148999493381692,0.0001222670875463094
0.0001237792808460665,0.001213604653868322,0.000124454640713759
0.00012813995728970718,0.0012173532279903885,0.00012903039780436912
0.00011744431553949608,0.001212335295960025,0.00011764775693118526
0.00013795027686013767,0.0012298658739992288,0.00013861840287795161
0.000173296098761338,0.0012288545649977397,0.00017395401039751044
0.0001673923629417562,0.0012235261207971526,0.000167214945747105
0.00021984047744089943,0.0012393788186362822,0.00021872151462340632
0.00018419268913310894,0.0012322231339837756,0.00018399031805721382
0.00018879268275640473,0.0012278591039103469,0.00018948609869716643
0.0001519845567471688,0.001212487770668268,0.00015421160031974023
0.00012985374012819683,0.001210124167010483,0.00013139522456303613
0.00012749333510684097,0.0012150903781627963,0.00012475984040117617
0.00012430345569533314,0.0012321439529722306,0.0001234943016844941
0.00013403716215875094,0.0012517085473574907,0.00013179080174301658
0.0001433670027786277,0.0012754512266875955,0.00013921933392602718
0.00016611687682800233,0.0012827030896119397,0.00016265914124255536
0.0001494096465832571,0.0012770599504012636,0.00014648047898163476
0.0001437402783389474,0.0012724000445717915,0.00014055091412228213
9.620340765782213e-05,0.0012776723075612327,9.620879659796786e-05
0.00010561368808131921,0.0012816561596146886,0.00010575847530732005
0.0001309502701482907,0.0012932889044409252,0.00013261935317755754
0.0001441262656642607,0.0012898013471174562,0.00014604692219657018
0.0001612776278332193,0.0012857125801476563,0.000166143902567981
0.001102738515320964,0.0020323687411660063,0.0005433647567327758
0.0010749790408191345,0.0020388724375806897,0.0004985729670013618
0.001043075156693102,0.0020320402605457674,0.00047279041951028687
0.0011467629934509222,0.002080716174007927,0.0004805029035753957
0.0012257056170394119,0.0021439177546466962,0.00043548279970169414
0.0012133150968487885,0.0021455240908745273,0.00041677546353076117
0.001294737596965292,0.002197934322750654,0.0003976939666653824
0.0013416323800767083,0.002208415920465058,0.0004186609571096829
0.001376944631343537,0.0022331961316881476,0.0004048705319471299
0.001358905122431079,0.0022123492401594476,0.00042949008277738915
0.0013274060995831156,0.0022202644338188897,0.0003784476729862056
0.0012189713942529132,0.002188729771621435,0.0003617042808169678
0.001179017710818824,0.0021830334112679277,0.0003359453427962176
0.0011207382828919653,0.00218096722672954,0.0003191661283753783
0.0011113261718719003,0.0021564837116535727,0.000314817370221025
0.00012073226544157633,0.0013158055276360483,0.00012047006056177149
0.00011209350229513936,0.001331813224301774,0.0001121645785919537
0.00012018710926891842,0.001352087437452581,0.00011955563465096023
0.00012594739637122255,0.0013539027244596046,0.00012601541665879502
0.00013159523144302932,0.0013672960035044084,0.00013101539523519234
0.00011934656223586764,0.0013514323727970342,0.00011911485328389936
0.00012862188051510802,0.0013466732760480176,0.00012830799162065305
0.00010288742091059764,0.00134893307070487,0.00010300104492290966
0.00011069062869540766,0.0013536877003490916,0.00011025035127012521
0.00010409521568874917,0.0013590969273729544,0.00010387419484639992
0.00012155976784919527,0.001334797024473791,0.00012141210250622318
0.00012044803810448757,0.0013626108308480945,0.00012030724165818938
0.00010942509234699014,0.0013410116113322756,0.00010951822889709577
0.00011192762288943461,0.0013249182503999334,0.00011191177539003497
0.00011477161581938022,0.001321084070937768,0.00011447501550739556
0.00011601639981533413,0.0013263773276535249,0.00011606155088478314
0.00014522573856761683,0.001323732366617399,0.0001436897175962205
0.0001202921114282203,0.001324234532850399,0.00011745455460029469
0.00017772741753596186,0.0013765663908504116,0.00016882875262578056
0.0001492993563005752,0.001333494460421822,0.00014413020978118872
