MAP_PMU,WLS,MAP_SCADA
0.0008625834638131203,0.00038923902970108284,0.0015433317559691542
0.0008453723732125018,0.00038114860543161434,0.0015693570695030513
0.00096729247864738,0.0004354690014366797,0.0016926543647155172
0.001007042129536634,0.000550470047596422,0.001885328691010435
0.00115679015524679,0.0008657834874407316,0.002022616926445695
0.0009047846737780817,0.0004231237888986661,0.0017390597174129926
0.0011770715684346345,0.0010041905824933763,0.0026802400645342204
0.0017713537574076366,0.001546259992044041,0.0033306620831205945
0.0028628717458870244,0.0027223669563490056,0.004408250348665789
0.003300572839276805,0.003243343612402506,0.004915615388542936
0.00486141282171604,0.00478455636650631,0.007118685138254365
0.005695370144510892,0.006032114506741656,0.007953447374518528
0.006024900749154418,0.005951210454240763,0.00810686572024869
0.006463210987078075,0.00645844950046758,0.008523020543079544
0.007231539960443787,0.007436167845629641,0.009254618939625786
0.006137298941949468,0.0061728239532426125,0.008526957500978514
0.007581401241617354,0.00770669699709788,0.010302764016147268
0.007456841701331959,0.007413388201788207,0.011655256294804186
0.008161766057803596,0.00805779755157075,0.012420607452323212
0.009176444735924064,0.008943757218054358,0.013776832692312837
0.0006855772149480253,0.00038845987572091214,0.0014092103625195388
0.0009504733416801329,0.0012632092526553467,0.0024185450550081524
0.0018810292895769009,0.0022833480219451537,0.0035267139129596596
0.0017089743425304938,0.0022878342850020357,0.003808949117282081
0.0019280536569941267,0.002839807669083002,0.005593541088598157
0.002833799449158283,0.003983209850945939,0.00835513308299684
0.0032361533450889226,0.004649286611451467,0.01043605755673353
0.00320144549170201,0.004499118895165925,0.011244631206084777
0.0025993521209218377,0.0037797731506082543,0.00929931592533717
0.0030733044523165646,0.0045118092029899455,0.00973470466577391
0.002656443934602871,0.0038750128466271956,0.009034312193271802
0.0018760968669386021,0.0028153170779011178,0.007954769119291383
0.0020917584935318686,0.003260768944709987,0.008683082536362479
0.0020064809569900095,0.0031496920764182636,0.008167678974526499
0.0020907238755294567,0.0033408717446375153,0.008546600649006822
0.0021963913767610874,0.0035286261076701193,0.00936845177249358
0.0020954216463652093,0.0033654860331214596,0.00937465719995647
0.002388618454023176,0.003781909854586666,0.009859462563183066
0.0029030590416765922,0.004465909491761969,0.011084957862611778
0.003720672125913127,0.005522310256547399,0.01210251095929212
0.0007780296777756325,0.00037314667959958536,0.0014475808332541677
0.0008348535199412088,0.00046334916667976125,0.0016783600256177395
0.001194410715840078,0.0009134255837121027,0.002806933863466918
0.0015198023746864908,0.0011177560719995002,0.0032347918569023554
0.001480352927749971,0.0010967500034477103,0.0024768655443748416
0.0022885862146448024,0.0018673489614105857,0.0035036856876951594
0.0030299794559250884,0.0030729860295828277,0.004529939793892649
0.003158474316781743,0.0028755153438627303,0.004747771639371898
0.0032521647865510496,0.003044543851202272,0.0046785207821494115
0.0021970567482872856,0.002034974809097315,0.0036169104013687027
0.0034885908038747478,0.00347606054042212,0.004982567976013117
0.003945589115045184,0.0037297932058641342,0.006277470244174677
0.004733620131032767,0.004262368465404587,0.007420597044068347
0.004190495170016849,0.003497152811050686,0.00669759321122783
0.004206584746025237,0.0035093595413042697,0.007390341304064544
0.0028578645510589726,0.002145564290508275,0.00535707698189082
0.003439314258025424,0.0025126303442895913,0.006275055984003018
0.003729246986856724,0.0024647295831097403,0.007011269557967323
0.003400115984759228,0.002731567414115769,0.005796902567323205
0.003520790818295977,0.0026797308306570834,0.00633285869054809
0.0006934145360215906,0.00033543908583861756,0.001510788237267198
0.0009733378010631307,0.000633240846722408,0.0019019068788692917
0.00127123886680845,0.0012375915735663417,0.00435126846397086
0.0013980323975019875,0.0009373026929118844,0.003943653828172435
0.0015699816966878728,0.001562348249783829,0.006096418354469032
0.0015699735261786843,0.0017240305473516918,0.006416789254014921
0.0019122959044563976,0.001876415818045684,0.008159310023734682
0.0019650759568159383,0.001793905759715272,0.008396341700564757
0.002351475885997974,0.0027422178166501853,0.010947620816422917
0.002178015506897502,0.0025869070081409365,0.010108709139396092
0.0031118192572355432,0.0036206405702229904,0.012323825308403525
0.0029062622070981444,0.0034187990996325827,0.011816184703162272
0.0035009730790525346,0.003908138040147647,0.012212697824224345
0.004096759040901063,0.004572809790709968,0.013205197604339717
0.0053012058101855886,0.005771062285721899,0.014989223388851978
0.00422959765856837,0.004614576631861036,0.013642408620603189
0.0036881381657645823,0.0039619247455314425,0.01314975180071874
0.00405505639690736,0.004484139209672816,0.012895867162400952
0.004438576371976263,0.005150849918378504,0.013346833362833118
0.0037769944932411785,0.004394336193043553,0.011611313101890508
