MAP_SCADA,WLS,MAP_PMU
0.001323761070190681,0.0001384713675661992,0.00019050518820045207
0.001323761070190681,0.00015045654198006227,0.00018562825287900787
0.001323761070190681,0.0001261286823252205,0.0001657904860211236
0.001323761070190681,0.0001209551459161809,0.00017416595732589485
0.001323761070190681,0.00012191612241642127,0.0001772234861652338
0.001323761070190681,0.00012146663829893896,0.000168830134082543
0.001323761070190681,0.00012119255692563896,0.00016596281865461206
0.001323761070190681,0.00011797675882997335,0.0001645306992382306
0.001323761070190681,0.00011953013621454351,0.00016517772602468614
0.001323761070190681,0.00012469250137719652,0.0001727067252667195
0.001323761070190681,0.00012525146523752434,0.00017159002455883172
0.001323761070190681,0.00013977376877825044,0.00018077797324304257
0.001323761070190681,0.00013972886507108263,0.00018031644824058362
0.001323761070190681,0.00013006859950939422,0.000170433330187991
0.001323761070190681,0.0001332280411688135,0.00017575065951652046
0.0013371350388093972,0.00020433632826832914,0.00020980092791139562
0.0013371350388093972,0.00021213739033197683,0.0002093388942903162
0.0013371350388093972,0.00021375537595518608,0.00021443935332213565
0.0013371350388093972,0.0002151071364703936,0.00022535304973141657
0.0013371350388093972,0.000213767494138202,0.0002054062778938441
0.0012281152167988379,0.00013012360285194,0.00017426824498076838
0.0012281152167988379,0.00013411440655241685,0.0001849932497924842
0.0012281152167988379,0.00012736103132242362,0.00017503203739390052
0.0012281152167988379,0.0001223653840136899,0.0001647212011285939
0.0012281152167988379,0.0001382699832757623,0.00016935469913214986
0.0012264332610201904,0.0002499113917169859,0.00020976218166575758
0.0012264332610201904,0.00028953764014420043,0.0001904896769513607
0.0012264332610201904,0.00023534029545509442,0.00018440536097269578
0.0012264332610201904,0.0002353452388805835,0.00019141836720868734
0.0012264332610201904,0.00024596382323665883,0.00021383425661116378
0.0012264332610201904,0.0002554765988479048,0.0001952222583303172
0.0012264332610201904,0.0002490973820968149,0.00019862355523236278
0.0012264332610201904,0.00027484770899455837,0.000189039305684599
0.0012264332610201904,0.0002604623000336571,0.00020554509397365293
0.0012264332610201904,0.000272376308853232,0.00019833354351585925
0.0012264332610201904,0.00026076312255308786,0.00018060968648982872
0.0012264332610201904,0.00025329652834833906,0.00020353308192358949
0.0012264332610201904,0.0002571917683186601,0.00020351363602450927
0.0012264332610201904,0.00024032070604998159,0.00019556432902325633
0.0012264332610201904,0.000267950084255017,0.00020160884990685332
0.001330623439723221,0.00013028049745983033,0.00017390056901215808
0.001330623439723221,0.0001319830894641343,0.0001775256995329607
0.001330623439723221,0.0001261661913749206,0.00016851406769497013
0.001330623439723221,0.000120092865844335,0.0001684225650485707
0.001330623439723221,0.00012574966342130157,0.00017942557913999324
0.0014579358574607682,0.0003207688499095253,0.00033167984812999444
0.0014579358574607682,0.00031813127668673324,0.00032320624177001767
0.0014579358574607682,0.00031774562418315636,0.00033605377041473586
0.0014579358574607682,0.00033980602528768905,0.000341713161674142
0.0014579358574607682,0.0003132167922231029,0.0003204488254440015
0.0014579358574607682,0.00032976268739452324,0.0003379136262417004
0.0014579358574607682,0.00033033093286434224,0.00032926961512067644
0.0014579358574607682,0.0003248118694118117,0.0003320724862344178
0.0014579358574607682,0.00032318329003853925,0.0003293435685183734
0.0014579358574607682,0.00032244237003509023,0.0003231161956961151
0.0014579358574607682,0.0003237873976547315,0.0003293586029332332
0.0014579358574607682,0.0003115782940518898,0.0003155540800676428
0.0014579358574607682,0.00032746406250616574,0.00033573810983759765
0.0014579358574607682,0.0003268168638811171,0.00033624348898467064
0.0014579358574607682,0.00033028420370464275,0.0003370991728527367
0.0013181759767648931,0.00012836329989682243,0.00018108156044663757
0.0013181759767648931,0.0001307117818717444,0.00017683514361637072
0.0013181759767648931,0.00013539581893454478,0.000175333521495876
0.0013181759767648931,0.000127762750046167,0.0001722954834161551
0.0013181759767648931,0.00013826989225556015,0.00018373286300913628
0.0013181759767648931,0.00013523132339304474,0.0001952427405422509
0.0013181759767648931,0.00014603794178283549,0.00018326761656355938
0.0013181759767648931,0.0001370104316840664,0.00017688739761027994
0.0013181759767648931,0.00012871272138712276,0.00018074663456080892
0.0013181759767648931,0.00011856352763425844,0.00017405229723483828
0.0013181759767648931,0.0001251619404368502,0.00017821161615528202
0.0013181759767648931,0.00013725584279442716,0.0001760294465383611
0.0013181759767648931,0.00012933139401354212,0.00017562001473322145
0.0013181759767648931,0.00013405607183614564,0.00018421227394267313
0.0013181759767648931,0.00012921310651247886,0.0001786410133445884
0.0013181759767648931,0.00012819531034028418,0.00017321557744907117
0.0013181759767648931,0.0001377558821231961,0.00017684313302277738
0.0013181759767648931,0.00014510166038083294,0.00018673043349767097
0.0013181759767648931,0.0001397730451684601,0.00018397621607068093
0.0013181759767648931,0.0001112700809813804,0.00016631117695484933
