,tipo,de,val,sample,val_ref,method,scenario
0,B_svc,2,0.17602234544385228,ref,,PF,0
1,x_tcsc,1-14,-0.10725061287377413,ref,,PF,0
2,UPFC_Vse,5-15,0.05749832449960551,ref,,PF,0
3,UPFC_Vsh,5-15,1.1116950332539992,ref,,PF,0
4,UPFC_tse,5-15,-2.1186926139806643,ref,,PF,0
5,UPFC_tsh,5-15,-0.2369061118584334,ref,,PF,0
6,B_svc,2,0.17553938300861005,ref,,PF,1
7,x_tcsc,1-14,-0.10706081259343138,ref,,PF,1
8,UPFC_Vse,5-15,0.05781165891457163,ref,,PF,1
9,UPFC_Vsh,5-15,1.111661121831751,ref,,PF,1
10,UPFC_tse,5-15,-2.1195420076682687,ref,,PF,1
11,UPFC_tsh,5-15,-0.2369556253674602,ref,,PF,1
12,B_svc,2,0.17666423407219026,ref,,PF,2
13,x_tcsc,1-14,-0.10782296749904209,ref,,PF,2
14,UPFC_Vse,5-15,0.05824379240811867,ref,,PF,2
15,UPFC_Vsh,5-15,1.1115952381615524,ref,,PF,2
16,UPFC_tse,5-15,-2.1179403838843966,ref,,PF,2
17,UPFC_tsh,5-15,-0.23613148558798297,ref,,PF,2
18,B_svc,2,0.17690161548655275,ref,,PF,3
19,x_tcsc,1-14,-0.10819317341787957,ref,,PF,3
20,UPFC_Vse,5-15,0.05832852764386398,ref,,PF,3
21,UPFC_Vsh,5-15,1.1111651850922628,ref,,PF,3
22,UPFC_tse,5-15,-2.1215779562533372,ref,,PF,3
23,UPFC_tsh,5-15,-0.2358406885264805,ref,,PF,3
24,B_svc,2,0.17681178400407263,ref,,PF,4
25,x_tcsc,1-14,-0.10785642648948612,ref,,PF,4
26,UPFC_Vse,5-15,0.058522833775166545,ref,,PF,4
27,UPFC_Vsh,5-15,1.1115304611765808,ref,,PF,4
28,UPFC_tse,5-15,-2.1229417818392338,ref,,PF,4
29,UPFC_tsh,5-15,-0.23610593159949464,ref,,PF,4
30,B_svc,2,0.17618784178147667,ref,,PF,5
31,x_tcsc,1-14,-0.10759375181823708,ref,,PF,5
32,UPFC_Vse,5-15,0.05803446996422508,ref,,PF,5
33,UPFC_Vsh,5-15,1.1115344568080843,ref,,PF,5
34,UPFC_tse,5-15,-2.1215839223104322,ref,,PF,5
35,UPFC_tsh,5-15,-0.23650317855655192,ref,,PF,5
36,B_svc,2,0.17416359526722,ref,,PF,6
37,x_tcsc,1-14,-0.10633473702718611,ref,,PF,6
38,UPFC_Vse,5-15,0.05826616884947457,ref,,PF,6
39,UPFC_Vsh,5-15,1.1114074178012006,ref,,PF,6
40,UPFC_tse,5-15,-2.1270154034952173,ref,,PF,6
41,UPFC_tsh,5-15,-0.23747330749590037,ref,,PF,6
42,B_svc,2,0.1737697612163251,ref,,PF,7
43,x_tcsc,1-14,-0.10627177274999698,ref,,PF,7
44,UPFC_Vse,5-15,0.05887941255593789,ref,,PF,7
45,UPFC_Vsh,5-15,1.1111615739377885,ref,,PF,7
46,UPFC_tse,5-15,-2.13007471090317,ref,,PF,7
47,UPFC_tsh,5-15,-0.23738078940175356,ref,,PF,7
48,B_svc,2,0.17728012226007667,ref,,PF,8
49,x_tcsc,1-14,-0.10883347556119727,ref,,PF,8
50,UPFC_Vse,5-15,0.059388776205250356,ref,,PF,8
51,UPFC_Vsh,5-15,1.109570072920207,ref,,PF,8
52,UPFC_tse,5-15,-2.1339992771160907,ref,,PF,8
53,UPFC_tsh,5-15,-0.23465792227164597,ref,,PF,8
54,B_svc,2,0.17750443286609066,ref,,PF,9
55,x_tcsc,1-14,-0.1088307202502758,ref,,PF,9
56,UPFC_Vse,5-15,0.059353713384124616,ref,,PF,9
57,UPFC_Vsh,5-15,1.1094107399366555,ref,,PF,9
58,UPFC_tse,5-15,-2.136839258184921,ref,,PF,9
59,UPFC_tsh,5-15,-0.23457720339960228,ref,,PF,9
60,B_svc,2,0.17930680122084217,ref,,PF,10
61,x_tcsc,1-14,-0.11019384723850521,ref,,PF,10
62,UPFC_Vse,5-15,0.060205520654842457,ref,,PF,10
63,UPFC_Vsh,5-15,1.1081271632862022,ref,,PF,10
64,UPFC_tse,5-15,-2.1445611335002988,ref,,PF,10
65,UPFC_tsh,5-15,-0.23293785816642631,ref,,PF,10
66,B_svc,2,0.17840466658361645,ref,,PF,11
67,x_tcsc,1-14,-0.10947218030394698,ref,,PF,11
68,UPFC_Vse,5-15,0.061199218680310745,ref,,PF,11
69,UPFC_Vsh,5-15,1.1082294745220034,ref,,PF,11
70,UPFC_tse,5-15,-2.1500574846163754,ref,,PF,11
71,UPFC_tsh,5-15,-0.23325051147531872,ref,,PF,11
72,B_svc,2,0.17817448608033207,ref,,PF,12
73,x_tcsc,1-14,-0.10949079633647274,ref,,PF,12
74,UPFC_Vse,5-15,0.060732699446607974,ref,,PF,12
75,UPFC_Vsh,5-15,1.108026438836904,ref,,PF,12
76,UPFC_tse,5-15,-2.1516174983629512,ref,,PF,12
77,UPFC_tsh,5-15,-0.2335532542873691,ref,,PF,12
78,B_svc,2,0.17701758795075362,ref,,PF,13
79,x_tcsc,1-14,-0.10881859715735988,ref,,PF,13
80,UPFC_Vse,5-15,0.061591978129866186,ref,,PF,13
81,UPFC_Vsh,5-15,1.108194153716509,ref,,PF,13
82,UPFC_tse,5-15,-2.154578417998358,ref,,PF,13
83,UPFC_tsh,5-15,-0.23388672030178118,ref,,PF,13
84,B_svc,2,0.17587775233863745,ref,,PF,14
85,x_tcsc,1-14,-0.1078304844192859,ref,,PF,14
86,UPFC_Vse,5-15,0.06176508653041221,ref,,PF,14
87,UPFC_Vsh,5-15,1.1083126982457396,ref,,PF,14
88,UPFC_tse,5-15,-2.1602494659686937,ref,,PF,14
89,UPFC_tsh,5-15,-0.2346967682441119,ref,,PF,14
90,B_svc,2,0.1782051506477067,ref,,PF,15
91,x_tcsc,1-14,-0.10959305204605325,ref,,PF,15
92,UPFC_Vse,5-15,0.0609313646449456,ref,,PF,15
93,UPFC_Vsh,5-15,1.1079753959808807,ref,,PF,15
94,UPFC_tse,5-15,-2.153802308666399,ref,,PF,15
95,UPFC_tsh,5-15,-0.23357131560074731,ref,,PF,15
96,B_svc,2,0.17851108123480772,ref,,PF,16
97,x_tcsc,1-14,-0.10994956021599625,ref,,PF,16
98,UPFC_Vse,5-15,0.061719231355685605,ref,,PF,16
99,UPFC_Vsh,5-15,1.1069957202241858,ref,,PF,16
100,UPFC_tse,5-15,-2.161566669208451,ref,,PF,16
101,UPFC_tsh,5-15,-0.2328706346618585,ref,,PF,16
102,B_svc,2,0.18331825945899513,ref,,PF,17
103,x_tcsc,1-14,-0.11322089739296207,ref,,PF,17
104,UPFC_Vse,5-15,0.06172078957104056,ref,,PF,17
105,UPFC_Vsh,5-15,1.1054483183736596,ref,,PF,17
106,UPFC_tse,5-15,-2.1585402609080546,ref,,PF,17
107,UPFC_tsh,5-15,-0.22985985232200498,ref,,PF,17
108,B_svc,2,0.18300587041393723,ref,,PF,18
109,x_tcsc,1-14,-0.11314354409245739,ref,,PF,18
110,UPFC_Vse,5-15,0.06183469881656827,ref,,PF,18
111,UPFC_Vsh,5-15,1.1049291541828976,ref,,PF,18
112,UPFC_tse,5-15,-2.1627548636477614,ref,,PF,18
113,UPFC_tsh,5-15,-0.22975691811183052,ref,,PF,18
114,B_svc,2,0.18328693294864615,ref,,PF,19
115,x_tcsc,1-14,-0.11354314416308604,ref,,PF,19
116,UPFC_Vse,5-15,0.06277882033515635,ref,,PF,19
117,UPFC_Vsh,5-15,1.1043156118880415,ref,,PF,19
118,UPFC_tse,5-15,-2.1680451844362034,ref,,PF,19
119,UPFC_tsh,5-15,-0.2291201076256457,ref,,PF,19
120,B_svc,2,0.18743014875749822,ref,,PF,20
121,x_tcsc,1-14,-0.11567548888835731,ref,,PF,20
122,UPFC_Vse,5-15,0.06282867347312489,ref,,PF,20
123,UPFC_Vsh,5-15,1.103086911779418,ref,,PF,20
124,UPFC_tse,5-15,-2.1701556800999837,ref,,PF,20
125,UPFC_tsh,5-15,-0.22700535426775595,ref,,PF,20
126,B_svc,2,0.18554927214690295,ref,,PF,21
127,x_tcsc,1-14,-0.11458232990911095,ref,,PF,21
128,UPFC_Vse,5-15,0.06341033325853165,ref,,PF,21
129,UPFC_Vsh,5-15,1.1031678178908981,ref,,PF,21
130,UPFC_tse,5-15,-2.1772836908686806,ref,,PF,21
131,UPFC_tsh,5-15,-0.2277859627596508,ref,,PF,21
132,B_svc,2,0.1839183109667364,ref,,PF,22
133,x_tcsc,1-14,-0.11342934625262469,ref,,PF,22
134,UPFC_Vse,5-15,0.06403364296382764,ref,,PF,22
135,UPFC_Vsh,5-15,1.1035095645243702,ref,,PF,22
136,UPFC_tse,5-15,-2.1810711199817163,ref,,PF,22
137,UPFC_tsh,5-15,-0.22846188503379752,ref,,PF,22
138,B_svc,2,0.1828549729699234,ref,,PF,23
139,x_tcsc,1-14,-0.11268960664171954,ref,,PF,23
140,UPFC_Vse,5-15,0.06366641822200121,ref,,PF,23
141,UPFC_Vsh,5-15,1.1038052401113907,ref,,PF,23
142,UPFC_tse,5-15,-2.1809502520660033,ref,,PF,23
143,UPFC_tsh,5-15,-0.22917208547285292,ref,,PF,23
144,B_svc,2,0.17916391554209427,ref,,PF,24
145,x_tcsc,1-14,-0.11019129739355525,ref,,PF,24
146,UPFC_Vse,5-15,0.06351184005103755,ref,,PF,24
147,UPFC_Vsh,5-15,1.1048998193779114,ref,,PF,24
148,UPFC_tse,5-15,-2.1833027923380897,ref,,PF,24
149,UPFC_tsh,5-15,-0.23147200418224986,ref,,PF,24
150,B_svc,2,0.17518321676031778,ref,,PF,25
151,x_tcsc,1-14,-0.10712355401333491,ref,,PF,25
152,UPFC_Vse,5-15,0.06352137262246502,ref,,PF,25
153,UPFC_Vsh,5-15,1.1060979056896427,ref,,PF,25
154,UPFC_tse,5-15,-2.1889909910378806,ref,,PF,25
155,UPFC_tsh,5-15,-0.23431126976982974,ref,,PF,25
156,B_svc,2,0.17210003410795366,ref,,PF,26
157,x_tcsc,1-14,-0.10456694807513106,ref,,PF,26
158,UPFC_Vse,5-15,0.06344850959268832,ref,,PF,26
159,UPFC_Vsh,5-15,1.1071872859123035,ref,,PF,26
160,UPFC_tse,5-15,-2.192354116724759,ref,,PF,26
161,UPFC_tsh,5-15,-0.23679969562995296,ref,,PF,26
162,B_svc,2,0.17010786747234868,ref,,PF,27
163,x_tcsc,1-14,-0.10313647098139568,ref,,PF,27
164,UPFC_Vse,5-15,0.06342614165105752,ref,,PF,27
165,UPFC_Vsh,5-15,1.1079187611445198,ref,,PF,27
166,UPFC_tse,5-15,-2.1915440342773853,ref,,PF,27
167,UPFC_tsh,5-15,-0.2383354064631268,ref,,PF,27
168,B_svc,2,0.17307539490763205,ref,,PF,28
169,x_tcsc,1-14,-0.10608550434885007,ref,,PF,28
170,UPFC_Vse,5-15,0.06335716723330416,ref,,PF,28
171,UPFC_Vsh,5-15,1.1062835118096348,ref,,PF,28
172,UPFC_tse,5-15,-2.1901639131416135,ref,,PF,28
173,UPFC_tsh,5-15,-0.23562997096524063,ref,,PF,28
174,B_svc,2,0.17373769081908705,ref,,PF,29
175,x_tcsc,1-14,-0.10618555526997268,ref,,PF,29
176,UPFC_Vse,5-15,0.06346467738407933,ref,,PF,29
177,UPFC_Vsh,5-15,1.106213291744122,ref,,PF,29
178,UPFC_tse,5-15,-2.19365574243551,ref,,PF,29
179,UPFC_tsh,5-15,-0.23548505946192488,ref,,PF,29
180,B_svc,2,0.1742235184345627,ref,,PF,30
181,x_tcsc,1-14,-0.10671076721558344,ref,,PF,30
182,UPFC_Vse,5-15,0.0629496357995473,ref,,PF,30
183,UPFC_Vsh,5-15,1.1060540229607385,ref,,PF,30
184,UPFC_tse,5-15,-2.19118696237214,ref,,PF,30
185,UPFC_tsh,5-15,-0.23525297226310782,ref,,PF,30
186,B_svc,2,0.17486244140871618,ref,,PF,31
187,x_tcsc,1-14,-0.10736529943830521,ref,,PF,31
188,UPFC_Vse,5-15,0.062225508284088855,ref,,PF,31
189,UPFC_Vsh,5-15,1.1061332951757237,ref,,PF,31
190,UPFC_tse,5-15,-2.185793188678617,ref,,PF,31
191,UPFC_tsh,5-15,-0.23502928821494312,ref,,PF,31
192,B_svc,2,0.17373390406863082,ref,,PF,32
193,x_tcsc,1-14,-0.10585990628713197,ref,,PF,32
194,UPFC_Vse,5-15,0.06232612965005424,ref,,PF,32
195,UPFC_Vsh,5-15,1.1073123981237307,ref,,PF,32
196,UPFC_tse,5-15,-2.1851573197973124,ref,,PF,32
197,UPFC_tsh,5-15,-0.23633828042939647,ref,,PF,32
198,B_svc,2,0.17481718540140737,ref,,PF,33
199,x_tcsc,1-14,-0.10650647426468991,ref,,PF,33
200,UPFC_Vse,5-15,0.062051247461420725,ref,,PF,33
201,UPFC_Vsh,5-15,1.1072116531227494,ref,,PF,33
202,UPFC_tse,5-15,-2.18409127855749,ref,,PF,33
203,UPFC_tsh,5-15,-0.23588325761662496,ref,,PF,33
204,B_svc,2,0.1745043581011612,ref,,PF,34
205,x_tcsc,1-14,-0.1060526259040724,ref,,PF,34
206,UPFC_Vse,5-15,0.061899425749331737,ref,,PF,34
207,UPFC_Vsh,5-15,1.1075840079680592,ref,,PF,34
208,UPFC_tse,5-15,-2.1844905011614606,ref,,PF,34
209,UPFC_tsh,5-15,-0.236474519275185,ref,,PF,34
210,B_svc,2,0.17337910879413151,ref,,PF,35
211,x_tcsc,1-14,-0.10518846218144336,ref,,PF,35
212,UPFC_Vse,5-15,0.06165077901426305,ref,,PF,35
213,UPFC_Vsh,5-15,1.107835439290343,ref,,PF,35
214,UPFC_tse,5-15,-2.1859856780255793,ref,,PF,35
215,UPFC_tsh,5-15,-0.23742095806497576,ref,,PF,35
216,B_svc,2,0.17257926041539215,ref,,PF,36
217,x_tcsc,1-14,-0.10440909414101422,ref,,PF,36
218,UPFC_Vse,5-15,0.06208529978833683,ref,,PF,36
219,UPFC_Vsh,5-15,1.1087298853566123,ref,,PF,36
220,UPFC_tse,5-15,-2.1832882146201698,ref,,PF,36
221,UPFC_tsh,5-15,-0.2381154050953642,ref,,PF,36
222,B_svc,2,0.17216013355633938,ref,,PF,37
223,x_tcsc,1-14,-0.10399206412538203,ref,,PF,37
224,UPFC_Vse,5-15,0.06235649419821321,ref,,PF,37
225,UPFC_Vsh,5-15,1.1087374027816932,ref,,PF,37
226,UPFC_tse,5-15,-2.185360136449756,ref,,PF,37
227,UPFC_tsh,5-15,-0.23835974069306037,ref,,PF,37
228,B_svc,2,0.17088432713513824,ref,,PF,38
229,x_tcsc,1-14,-0.10293604009434922,ref,,PF,38
230,UPFC_Vse,5-15,0.06254155924388924,ref,,PF,38
231,UPFC_Vsh,5-15,1.1087345086393166,ref,,PF,38
232,UPFC_tse,5-15,-2.189725645297844,ref,,PF,38
233,UPFC_tsh,5-15,-0.23916028253517785,ref,,PF,38
234,B_svc,2,0.17063268182808,ref,,PF,39
235,x_tcsc,1-14,-0.10282084727769869,ref,,PF,39
236,UPFC_Vse,5-15,0.06353665562006047,ref,,PF,39
237,UPFC_Vsh,5-15,1.1083919092205516,ref,,PF,39
238,UPFC_tse,5-15,-2.1957153499703965,ref,,PF,39
239,UPFC_tsh,5-15,-0.23894186672585602,ref,,PF,39
240,B_svc,2,0.17118738393613195,ref,,PF,40
241,x_tcsc,1-14,-0.1030699145498421,ref,,PF,40
242,UPFC_Vse,5-15,0.06312397050062156,ref,,PF,40
243,UPFC_Vsh,5-15,1.1087655874991957,ref,,PF,40
244,UPFC_tse,5-15,-2.1906583895987084,ref,,PF,40
245,UPFC_tsh,5-15,-0.2388352714824804,ref,,PF,40
246,B_svc,2,0.1696304623584784,ref,,PF,41
247,x_tcsc,1-14,-0.10177440226193647,ref,,PF,41
248,UPFC_Vse,5-15,0.06329343109216622,ref,,PF,41
249,UPFC_Vsh,5-15,1.1093945489559667,ref,,PF,41
250,UPFC_tse,5-15,-2.191750636357216,ref,,PF,41
251,UPFC_tsh,5-15,-0.24013954761767484,ref,,PF,41
252,B_svc,2,0.1677139276125616,ref,,PF,42
253,x_tcsc,1-14,-0.09937067349609062,ref,,PF,42
254,UPFC_Vse,5-15,0.062216715814243935,ref,,PF,42
255,UPFC_Vsh,5-15,1.1108482109587856,ref,,PF,42
256,UPFC_tse,5-15,-2.1907253692959854,ref,,PF,42
257,UPFC_tsh,5-15,-0.2428392300668894,ref,,PF,42
258,B_svc,2,0.16791140385641468,ref,,PF,43
259,x_tcsc,1-14,-0.09895057091375115,ref,,PF,43
260,UPFC_Vse,5-15,0.061608756331860415,ref,,PF,43
261,UPFC_Vsh,5-15,1.1114400293974098,ref,,PF,43
262,UPFC_tse,5-15,-2.1888404503102423,ref,,PF,43
263,UPFC_tsh,5-15,-0.24350699109361115,ref,,PF,43
264,B_svc,2,0.1697629754466796,ref,,PF,44
265,x_tcsc,1-14,-0.10105667404933964,ref,,PF,44
266,UPFC_Vse,5-15,0.061947470959281103,ref,,PF,44
267,UPFC_Vsh,5-15,1.1104772447307842,ref,,PF,44
268,UPFC_tse,5-15,-2.1866764521255915,ref,,PF,44
269,UPFC_tsh,5-15,-0.24135511834412246,ref,,PF,44
270,B_svc,2,0.23601953583609248,ref,,PF,45
271,x_tcsc,1-14,-0.1224684196262127,ref,,PF,45
272,UPFC_Vse,5-15,0.06159879137818771,ref,,PF,45
273,UPFC_Vsh,5-15,1.1110059734516782,ref,,PF,45
274,UPFC_tse,5-15,-2.1794343948191535,ref,,PF,45
275,UPFC_tsh,5-15,-0.23963450289387453,ref,,PF,45
276,B_svc,2,0.24554613821901697,ref,,PF,46
277,x_tcsc,1-14,-0.1257872985619969,ref,,PF,46
278,UPFC_Vse,5-15,0.06158767945364149,ref,,PF,46
279,UPFC_Vsh,5-15,1.110124383310463,ref,,PF,46
280,UPFC_tse,5-15,-2.1700001671620224,ref,,PF,46
281,UPFC_tsh,5-15,-0.23665694605342444,ref,,PF,46
282,B_svc,2,0.23775394853559143,ref,,PF,47
283,x_tcsc,1-14,-0.12299449022820852,ref,,PF,47
284,UPFC_Vse,5-15,0.061646585873907166,ref,,PF,47
285,UPFC_Vsh,5-15,1.1115123375559997,ref,,PF,47
286,UPFC_tse,5-15,-2.1713828316113073,ref,,PF,47
287,UPFC_tsh,5-15,-0.23910230156546397,ref,,PF,47
288,B_svc,2,0.23745822370441336,ref,,PF,48
289,x_tcsc,1-14,-0.12298039453738517,ref,,PF,48
290,UPFC_Vse,5-15,0.061215734115107716,ref,,PF,48
291,UPFC_Vsh,5-15,1.1113799757511318,ref,,PF,48
292,UPFC_tse,5-15,-2.172424235192491,ref,,PF,48
293,UPFC_tsh,5-15,-0.2394292715774085,ref,,PF,48
294,B_svc,2,0.2370643851478974,ref,,PF,49
295,x_tcsc,1-14,-0.1229229353378671,ref,,PF,49
296,UPFC_Vse,5-15,0.06214829085104669,ref,,PF,49
297,UPFC_Vsh,5-15,1.1109563717205961,ref,,PF,49
298,UPFC_tse,5-15,-2.1772118012164596,ref,,PF,49
299,UPFC_tsh,5-15,-0.23910643066226164,ref,,PF,49
300,B_svc,2,0.23731287521333388,ref,,PF,50
301,x_tcsc,1-14,-0.12299394117082836,ref,,PF,50
302,UPFC_Vse,5-15,0.06148944887156035,ref,,PF,50
303,UPFC_Vsh,5-15,1.1117604069147808,ref,,PF,50
304,UPFC_tse,5-15,-2.1708462707883283,ref,,PF,50
305,UPFC_tsh,5-15,-0.2395862308087622,ref,,PF,50
306,B_svc,2,0.22975701370904422,ref,,PF,51
307,x_tcsc,1-14,-0.12004464429840388,ref,,PF,51
308,UPFC_Vse,5-15,0.06116100342961423,ref,,PF,51
309,UPFC_Vsh,5-15,1.1132738080261497,ref,,PF,51
310,UPFC_tse,5-15,-2.1714605066912407,ref,,PF,51
311,UPFC_tsh,5-15,-0.2424907490023736,ref,,PF,51
312,B_svc,2,0.22758828258077413,ref,,PF,52
313,x_tcsc,1-14,-0.11899963339908332,ref,,PF,52
314,UPFC_Vse,5-15,0.0611943950585899,ref,,PF,52
315,UPFC_Vsh,5-15,1.1144501347804068,ref,,PF,52
316,UPFC_tse,5-15,-2.1682419885137327,ref,,PF,52
317,UPFC_tsh,5-15,-0.24364808327899254,ref,,PF,52
318,B_svc,2,0.22797796940899634,ref,,PF,53
319,x_tcsc,1-14,-0.11908999649042262,ref,,PF,53
320,UPFC_Vse,5-15,0.061873108526396096,ref,,PF,53
321,UPFC_Vsh,5-15,1.1143976834015108,ref,,PF,53
322,UPFC_tse,5-15,-2.1713197360904957,ref,,PF,53
323,UPFC_tsh,5-15,-0.24336885895962915,ref,,PF,53
324,B_svc,2,0.22437179370602015,ref,,PF,54
325,x_tcsc,1-14,-0.11747256240982049,ref,,PF,54
326,UPFC_Vse,5-15,0.061655758934694646,ref,,PF,54
327,UPFC_Vsh,5-15,1.115079834189242,ref,,PF,54
328,UPFC_tse,5-15,-2.171939543089578,ref,,PF,54
329,UPFC_tsh,5-15,-0.24483576149102862,ref,,PF,54
330,B_svc,2,0.22701546053885915,ref,,PF,55
331,x_tcsc,1-14,-0.11873229976357183,ref,,PF,55
332,UPFC_Vse,5-15,0.06220629185538169,ref,,PF,55
333,UPFC_Vsh,5-15,1.113657003368571,ref,,PF,55
334,UPFC_tse,5-15,-2.1788172060090276,ref,,PF,55
335,UPFC_tsh,5-15,-0.24328440633287768,ref,,PF,55
336,B_svc,2,0.22522640557434181,ref,,PF,56
337,x_tcsc,1-14,-0.11777602163557802,ref,,PF,56
338,UPFC_Vse,5-15,0.0619933443599484,ref,,PF,56
339,UPFC_Vsh,5-15,1.1147192333782996,ref,,PF,56
340,UPFC_tse,5-15,-2.1770222296711426,ref,,PF,56
341,UPFC_tsh,5-15,-0.2445380163164216,ref,,PF,56
342,B_svc,2,0.22234985752321954,ref,,PF,57
343,x_tcsc,1-14,-0.11627664196997572,ref,,PF,57
344,UPFC_Vse,5-15,0.061988292992678946,ref,,PF,57
345,UPFC_Vsh,5-15,1.115666949593439,ref,,PF,57
346,UPFC_tse,5-15,-2.1769602220641113,ref,,PF,57
347,UPFC_tsh,5-15,-0.245919209231991,ref,,PF,57
348,B_svc,2,0.2299364862493511,ref,,PF,58
349,x_tcsc,1-14,-0.1198010484865879,ref,,PF,58
350,UPFC_Vse,5-15,0.06187075456099794,ref,,PF,58
351,UPFC_Vsh,5-15,1.1137275380298925,ref,,PF,58
352,UPFC_tse,5-15,-2.174093546281283,ref,,PF,58
353,UPFC_tsh,5-15,-0.24254774466026824,ref,,PF,58
354,B_svc,2,0.22584360671469697,ref,,PF,59
355,x_tcsc,1-14,-0.11803211382462193,ref,,PF,59
356,UPFC_Vse,5-15,0.06164993946932429,ref,,PF,59
357,UPFC_Vsh,5-15,1.114612491183441,ref,,PF,59
358,UPFC_tse,5-15,-2.1763931066618865,ref,,PF,59
359,UPFC_tsh,5-15,-0.24443895148563277,ref,,PF,59
360,B_svc,2,0.2259711057290092,ref,,PF,60
361,x_tcsc,1-14,-0.11799832515766874,ref,,PF,60
362,UPFC_Vse,5-15,0.0613430966649525,ref,,PF,60
363,UPFC_Vsh,5-15,1.1151019642795117,ref,,PF,60
364,UPFC_tse,5-15,-2.1715984214746675,ref,,PF,60
365,UPFC_tsh,5-15,-0.24460528022127623,ref,,PF,60
366,B_svc,2,0.22919783981895345,ref,,PF,61
367,x_tcsc,1-14,-0.11937038649484354,ref,,PF,61
368,UPFC_Vse,5-15,0.0620356197243744,ref,,PF,61
369,UPFC_Vsh,5-15,1.1142400909842316,ref,,PF,61
370,UPFC_tse,5-15,-2.1715017389363362,ref,,PF,61
371,UPFC_tsh,5-15,-0.2428010568281231,ref,,PF,61
372,B_svc,2,0.23782278427950482,ref,,PF,62
373,x_tcsc,1-14,-0.12283308997275577,ref,,PF,62
374,UPFC_Vse,5-15,0.06253757350149514,ref,,PF,62
375,UPFC_Vsh,5-15,1.112954008403431,ref,,PF,62
376,UPFC_tse,5-15,-2.1638584412469926,ref,,PF,62
377,UPFC_tsh,5-15,-0.23933382055974253,ref,,PF,62
378,B_svc,2,0.23715091769525107,ref,,PF,63
379,x_tcsc,1-14,-0.12267825886743314,ref,,PF,63
380,UPFC_Vse,5-15,0.06326125673821967,ref,,PF,63
381,UPFC_Vsh,5-15,1.1127493109427897,ref,,PF,63
382,UPFC_tse,5-15,-2.1670855332971874,ref,,PF,63
383,UPFC_tsh,5-15,-0.23924560665256706,ref,,PF,63
384,B_svc,2,0.2460630845278999,ref,,PF,64
385,x_tcsc,1-14,-0.12580704460656755,ref,,PF,64
386,UPFC_Vse,5-15,0.06357171384018928,ref,,PF,64
387,UPFC_Vsh,5-15,1.1114361510826574,ref,,PF,64
388,UPFC_tse,5-15,-2.1636714960822867,ref,,PF,64
389,UPFC_tsh,5-15,-0.2362833996463618,ref,,PF,64
390,B_svc,2,0.24696179642888483,ref,,PF,65
391,x_tcsc,1-14,-0.12610810930616703,ref,,PF,65
392,UPFC_Vse,5-15,0.06354947776478663,ref,,PF,65
393,UPFC_Vsh,5-15,1.1113169259620177,ref,,PF,65
394,UPFC_tse,5-15,-2.1626772953870845,ref,,PF,65
395,UPFC_tsh,5-15,-0.2359943232587785,ref,,PF,65
396,B_svc,2,0.25701304838732275,ref,,PF,66
397,x_tcsc,1-14,-0.12917421221522674,ref,,PF,66
398,UPFC_Vse,5-15,0.06362669777320894,ref,,PF,66
399,UPFC_Vsh,5-15,1.1096460158795793,ref,,PF,66
400,UPFC_tse,5-15,-2.1630974239507887,ref,,PF,66
401,UPFC_tsh,5-15,-0.23319982925015142,ref,,PF,66
402,B_svc,2,0.2581819909796833,ref,,PF,67
403,x_tcsc,1-14,-0.12951066364564276,ref,,PF,67
404,UPFC_Vse,5-15,0.06403174314954356,ref,,PF,67
405,UPFC_Vsh,5-15,1.1093519393724347,ref,,PF,67
406,UPFC_tse,5-15,-2.1636589569492948,ref,,PF,67
407,UPFC_tsh,5-15,-0.2326318329664323,ref,,PF,67
408,B_svc,2,0.2702180915408945,ref,,PF,68
409,x_tcsc,1-14,-0.13271462470310982,ref,,PF,68
410,UPFC_Vse,5-15,0.06343404089403486,ref,,PF,68
411,UPFC_Vsh,5-15,1.1080230288491013,ref,,PF,68
412,UPFC_tse,5-15,-2.158795098268591,ref,,PF,68
413,UPFC_tsh,5-15,-0.23005710379242938,ref,,PF,68
414,B_svc,2,0.26650796385872855,ref,,PF,69
415,x_tcsc,1-14,-0.13173739826368375,ref,,PF,69
416,UPFC_Vse,5-15,0.06286045765136701,ref,,PF,69
417,UPFC_Vsh,5-15,1.108591949510386,ref,,PF,69
418,UPFC_tse,5-15,-2.159381304256845,ref,,PF,69
419,UPFC_tsh,5-15,-0.2312608981065087,ref,,PF,69
420,B_svc,2,0.27328084876378683,ref,,PF,70
421,x_tcsc,1-14,-0.13336853618770111,ref,,PF,70
422,UPFC_Vse,5-15,0.06253664276703212,ref,,PF,70
423,UPFC_Vsh,5-15,1.1085429639389959,ref,,PF,70
424,UPFC_tse,5-15,-2.1511332218878394,ref,,PF,70
425,UPFC_tsh,5-15,-0.2299684059248623,ref,,PF,70
426,B_svc,2,0.27342711725804325,ref,,PF,71
427,x_tcsc,1-14,-0.13341465706384395,ref,,PF,71
428,UPFC_Vse,5-15,0.061895837531675754,ref,,PF,71
429,UPFC_Vsh,5-15,1.1081252089293132,ref,,PF,71
430,UPFC_tse,5-15,-2.15388383990719,ref,,PF,71
431,UPFC_tsh,5-15,-0.230112411715268,ref,,PF,71
432,B_svc,2,0.27364061766392117,ref,,PF,72
433,x_tcsc,1-14,-0.13345200181092493,ref,,PF,72
434,UPFC_Vse,5-15,0.061409145019515776,ref,,PF,72
435,UPFC_Vsh,5-15,1.108385645422525,ref,,PF,72
436,UPFC_tse,5-15,-2.150853246770179,ref,,PF,72
437,UPFC_tsh,5-15,-0.23036603094165267,ref,,PF,72
438,B_svc,2,0.2786681865902732,ref,,PF,73
439,x_tcsc,1-14,-0.13468185429148222,ref,,PF,73
440,UPFC_Vse,5-15,0.06084096620275024,ref,,PF,73
441,UPFC_Vsh,5-15,1.1076696480003172,ref,,PF,73
442,UPFC_tse,5-15,-2.1494068813205818,ref,,PF,73
443,UPFC_tsh,5-15,-0.22949489496507694,ref,,PF,73
444,B_svc,2,0.28527989085185257,ref,,PF,74
445,x_tcsc,1-14,-0.13620690197279778,ref,,PF,74
446,UPFC_Vse,5-15,0.060217198929324374,ref,,PF,74
447,UPFC_Vsh,5-15,1.1071019517366192,ref,,PF,74
448,UPFC_tse,5-15,-2.1443549254477605,ref,,PF,74
449,UPFC_tsh,5-15,-0.22847686350465846,ref,,PF,74
450,B_svc,2,0.28243565773274415,ref,,PF,75
451,x_tcsc,1-14,-0.1355680911328122,ref,,PF,75
452,UPFC_Vse,5-15,0.06088885794788059,ref,,PF,75
453,UPFC_Vsh,5-15,1.1070332510015695,ref,,PF,75
454,UPFC_tse,5-15,-2.150152675970724,ref,,PF,75
455,UPFC_tsh,5-15,-0.22871538003931713,ref,,PF,75
456,B_svc,2,0.2826200709213762,ref,,PF,76
457,x_tcsc,1-14,-0.1355856009790439,ref,,PF,76
458,UPFC_Vse,5-15,0.061390105283270636,ref,,PF,76
459,UPFC_Vsh,5-15,1.1069800185347167,ref,,PF,76
460,UPFC_tse,5-15,-2.153283928398056,ref,,PF,76
461,UPFC_tsh,5-15,-0.22857242627970528,ref,,PF,76
462,B_svc,2,0.278425013861907,ref,,PF,77
463,x_tcsc,1-14,-0.1346407636540963,ref,,PF,77
464,UPFC_Vse,5-15,0.06070587618759182,ref,,PF,77
465,UPFC_Vsh,5-15,1.1076957015586657,ref,,PF,77
466,UPFC_tse,5-15,-2.1508964874386045,ref,,PF,77
467,UPFC_tsh,5-15,-0.22978109979437278,ref,,PF,77
468,B_svc,2,0.27932440262230795,ref,,PF,78
469,x_tcsc,1-14,-0.13489617474548155,ref,,PF,78
470,UPFC_Vse,5-15,0.06027209992792424,ref,,PF,78
471,UPFC_Vsh,5-15,1.1076989819588763,ref,,PF,78
472,UPFC_tse,5-15,-2.1489446227621776,ref,,PF,78
473,UPFC_tsh,5-15,-0.22984087167316888,ref,,PF,78
474,B_svc,2,0.27399177260599084,ref,,PF,79
475,x_tcsc,1-14,-0.13370300697580945,ref,,PF,79
476,UPFC_Vse,5-15,0.060346818507456275,ref,,PF,79
477,UPFC_Vsh,5-15,1.1077508656396295,ref,,PF,79
478,UPFC_tse,5-15,-2.155088697480208,ref,,PF,79
479,UPFC_tsh,5-15,-0.23091483942981195,ref,,PF,79
